title,link,chapter
Dragon Ball Super,https://truyentranh.net/dragon-ball-super,Chap 073
Trò chơi nhà vua 2 - Ou-sama Game - Kigen,https://truyentranh.net/ou-sama-game-kigen,Chap 073
Stravaganza - Isai no Hime,https://truyentranh.net/isai-no-hime-stravaganza,Chap 073
Hozuki-san Chi no Aneki,https://truyentranh.net/hozuki-san-chi-no-aneki,Chap 073
Adarushan no Hanayome,https://truyentranh.net/adarushan-no-hanayome,Chap 073
Dragon Ball Sai,https://truyentranh.net/dragon-ball-sai1,Chap 002
Dragon Ball Wrong Time,https://truyentranh.net/dragon-ball-wrong-time1,Chap 002
Im - Great Priest Imhotep,https://truyentranh.net/im-great-priest-imhotep,Chap 002
Death Note: Death Eraser,https://truyentranh.net/death-note-death-eraser,Chap 002
Aoki Hagane no Arpeggio,https://truyentranh.net/aoki-hagane-no-arpeggio,Chap 002
YANKEE WA ISEKAI DE SEIREI NI AISAREMASU,https://truyentranh.net/yankee-wa-isekai-de-seirei-ni-aisaremasu,Chap 002
"Sayonara Ryuusei, Konnichiwa Jinsei",https://truyentranh.net/sayonara-ryuusei-konnichiwa-jinsei,Chap 002
"Kore Wa Ai Ja Nai No De, Yoroshiku",https://truyentranh.net/kore-wa-ai-ja-nai-no-de-yoroshiku,Chap 002
Otome Sensou,https://truyentranh.net/otome-sensou,Chap 002
Shachiku To Yurei,https://truyentranh.net/shachiku-to-yurei,Chap 002
Katsute Mahou Shoujo to Aku wa Tekitai Shite,https://truyentranh.net/katsute-mahou-shoujo-to-aku-wa-tekitai-shite1,Chap 002
Poro No Ryuugaku-Ki,https://truyentranh.net/poro-no-ryuugaku-ki1,Chap 002
Chocolate Vampire,https://truyentranh.net/chocolate-vampire,Chap 002
Busou Shoujo Machiavellianism,https://truyentranh.net/busou-shoujo-machiavellianism,Chap 002
Spirit Circle - Hồn Hoàn,https://truyentranh.net/spirit-circle-hon-hoan,Chap 002
Đấu Giả và Pháp Khí tại dị giới,https://truyentranh.net/dau-gia-va-phap-khi-tai-di-gioi,Chap 002
Soul Catcher(S),https://truyentranh.net/soul-catchers,Chap 002
Dấu Ấn Rồng Thiêng - Câu chuyện của Ten và Sora,https://truyentranh.net/dau-an-rong-thieng-cau-chuyen-cua-ten-va-sora,Chap 002
Anh Thích Anh Xuyên Thôi,https://truyentranh.net/anh-thich-anh-xuyen-thoi,Chap 002
Girlish Number,https://truyentranh.net/girlish-number,Chap 002
Vĩnh Hằng Chí Tôn,https://truyentranh.net/vinh-hang-chi-ton,Chap 002
Dragon Ball Rebon,https://truyentranh.net/dragon-ball-rebon,Chap 004
Not Entirely a Father-Daughter Relationship,https://truyentranh.net/not-entirely-a-father-daughter-relationship,Chap 004
JYARYU TENSEI - TÀ LONG TÁI SINH,https://truyentranh.net/jyaryu-tensei-ta-long-tai-sinh,Chap 004
YOMEKURA,https://truyentranh.net/yomekura,Chap 004
Grancrest Senki,https://truyentranh.net/grancrest-senki,Chap 004
Acaria,https://truyentranh.net/acaria,Chap 004
Only Sense Online,https://truyentranh.net/only-sense-online,Chap 004
Memento: Archivez,https://truyentranh.net/memento-archivez,Chap 004
PJ Working,https://truyentranh.net/pj-working,Chap 004
Black Kanojo,https://truyentranh.net/black-kanojo,Chap 004
SWORD ART ONLINE - PROJECT ALICIZATION,https://truyentranh.net/sword-art-online-project-alicization,Chap 004
Fire Punch,https://truyentranh.net/fire-punch,Chap 004
OROKA NA TENSHI WA AKUMA TO ODORU,https://truyentranh.net/oroka-na-tenshi-wa-akuma-to-odoru,Chap 004
Asamiya-san no Imouto,https://truyentranh.net/asamiya-san-no-imouto,Chap 004
INFECTION,https://truyentranh.net/infection,Chap 004
Let&#39;s lagoon,https://truyentranh.net/let-lagoon,Chap 004
Servamp,https://truyentranh.net/servamp,Chap 004
Hiếu Hạnh Xuất Thế,https://truyentranh.net/hieu-hanh-xuat-the,Chap 004
Uzumaki Boruto,https://truyentranh.net/uzumaki-boruto,Chap 004
Corpse Party: Book of Shadows,https://truyentranh.net/corpse-party-book-of-shadows,Chap 004
Dakara Boku wa H ga Dekinai,https://truyentranh.net/dakara-boku-wa-h-ga-dekinai,Chap 004
Có vẻ như kỹ năng của tôi ở dị giới là mạnh nhất,https://truyentranh.net/co-ve-nhu-ky-nang-cua-toi-o-di-gioi-la-manh-nhat,Chap 001
Tôi thành thần chỉ với 1 máu,https://truyentranh.net/toi-thanh-than-chi-voi-1-mau,Chap 001
Dũng giả được chuyển sinh tới thế giới hiện đại,https://truyentranh.net/dung-gia-duoc-chuyen-sinh-toi-the-gioi-hien-dai,Chap 001
Bakuon!!,https://truyentranh.net/bakuon,Chap 001
Chuyển Sinh làm việc tại dị giới,https://truyentranh.net/chuyen-sinh-lam-viec-tai-di-gioi,Chap 001
Tobaku Datenroku Kaiji,https://truyentranh.net/tobaku-datenroku-kaiji,Chap 001
Xe Bán Thức Ăn Điên Loạn,https://truyentranh.net/xe-ban-thuc-an-dien-loan,Chap 001
Chức nghiệm [Thẩm định] không thuận lợi nhưng thực ra lại là kẻ mạnh nhất,https://truyentranh.net/chuc-nghiem-tham-dinh-khong-thuan-loi-nhung-thuc-ra-lai-la-ke-manh-nhat,Chap 001
Tôi sẽ tàn sát toàn bộ lũ Chuyển sinh giả từ thế giới khác!!,https://truyentranh.net/toi-se-tan-sat-toan-bo-lu-chuyen-sinh-gia-tu-the-gioi-khac,Chap 001
Yuusha Shoutai Kamoku Yuusha Wa Nagisa Renai,https://truyentranh.net/yuusha-shoutai-kamoku-yuusha-wa-nagisa-renai,Chap 001
YURU FUWA NOKA NO MOJI BAKE SKILL,https://truyentranh.net/yuru-fuwa-noka-no-moji-bake-skill,Chap 001
Con rồng nuốt chửng cả thế giới: Cuồng long bạo thực,https://truyentranh.net/con-rong-nuot-chung-ca-the-gioi-cuong-long-bao-thuc,Chap 001
SPOTLESS LOVE: TÌNH YÊU KHÔNG TÌ VẾT,https://truyentranh.net/spotless-love-tinh-yeu-khong-ti-vet,Chap 001
Puella Magi Homura☆Tamura ~Thế giới song song không song song mãi được~,https://truyentranh.net/puella-magi-homura-tamura-the-gioi-song-song-khong-song-song-mai-duoc,Chap 001
"KOUKANDO GA MIERU YOU NI NATTA N DAGA, HIROINE GA COUNT STOP SHITEIRU KEN",https://truyentranh.net/koukando-ga-mieru-you-ni-natta-n-daga-hiroine-ga-count-stop-shiteiru-ken,Chap 001
Chào mừng đến với lớp học lập dị,https://truyentranh.net/chao-mung-den-voi-lop-hoc-lap-di,Chap 001
Madou no Keifu,https://truyentranh.net/madou-no-keifu,Chap 001
"AKuyaku Reijou Route ga Nai Nante, Dare ga Itta no?",https://truyentranh.net/akuyaku-reijou-route-ga-nai-nante-dare-ga-itta-no,Chap 001
Cầu nguyện cho linh hồn cậu được siêu thoát sao? Tớ không làm đâu!!,https://truyentranh.net/cau-nguyen-cho-linh-hon-cau-duoc-sieu-thoat-sao-to-khong-lam-dau,Chap 001
Her Life is Comicalized,https://truyentranh.net/her-life-is-comicalized,Chap 001
Kimi no Koto Tabeteii?,https://truyentranh.net/kimi-no-koto-tabeteii,Chap 001
ISEKAI KENKOKUKI,https://truyentranh.net/isekai-kenkokuki,Chap 034.2
ISEKAI DESU GA MAMONO SAIBAI SHITEIMASU,https://truyentranh.net/isekai-desu-ga-mamono-saibai-shiteimasu,Chap 034.2
YuGi-Oh! Full Color Edition,https://truyentranh.net/yugi-oh-full-color-edition,Chap 034.2
Rurouni Kenshin Hokkai Arc,https://truyentranh.net/rurouni-kenshin-hokkai-arc,Chap 034.2
R.O.D - Read or Die,https://truyentranh.net/r-o-d-read-or-die,Chap 034.2
The Legend of Zelda: Majora&#39;s Mask,https://truyentranh.net/the-legend-of-zelda-majoras-mask,Chap 034.2
Kunoichi no Ichi,https://truyentranh.net/kunoichi-no-ichi,Chap 034.2
Magi Craft Meister,https://truyentranh.net/magi-craft-meister,Chap 034.2
CURSE BLOOD,https://truyentranh.net/curse-blood,Chap 034.2
"BOTSURAKU YOUTEI NANODE, KAJISHOKUNIN WO MEZASU",https://truyentranh.net/botsuraku-youtei-nanode-kajishokunin-wo-mezasu,Chap 034.2
Tonari no Seki-kun,https://truyentranh.net/tonari-no-seki-kun,Chap 034.2
Tenshou no Quadrable,https://truyentranh.net/tenshou-no-quadrable,Chap 034.2
MAHOU TSUKAI NO OSHIGOTO,https://truyentranh.net/mahou-tsukai-no-oshigoto,Chap 034.2
Haru-nee ga Boku ni xx Suru Riyuu Manga,https://truyentranh.net/haru-nee-ga-boku-ni-xx-suru-riyuu-manga,Chap 034.2
Kimi Shi ni Tamou Koto Nakare,https://truyentranh.net/kimi-shi-ni-tamou-koto-nakare,Chap 034.2
Saikyou Mahoushi no Inton Keikaku,https://truyentranh.net/saikyou-mahoushi-no-inton-keikaku,Chap 034.2
Bộ đôi đảm đang,https://truyentranh.net/bo-doi-dam-dang,Chap 034.2
Sweet Bitter,https://truyentranh.net/sweet-bitter,Chap 034.2
Dokidoki Sister ♡ Aoi-chan,https://truyentranh.net/dokidoki-sister-aoi-chan-30662,Chap 034.2
Kirei ni Shitemoraemasuka,https://truyentranh.net/kirei-ni-shitemoraemasuka,Chap 034.2
Sensei no Boku,https://truyentranh.net/sensei-no-boku,Chap 034.2
Dokidoki Sister - Aoi-chan,https://truyentranh.net/dokidoki-sister-aoi-chan,Chap 004
Hachi Ichi - 8 Nàng 1 Chàng,https://truyentranh.net/hachi-ichi-8-nang-1-chang,Chap 004
Dethrone,https://truyentranh.net/dethrone,Chap 004
Seishun Scrap!,https://truyentranh.net/seishun-scrap,Chap 004
VERSUS THE EARTH,https://truyentranh.net/versus-the-earth,Chap 004
Taisho Wotome Otogibanashi Taisho Wotome Otogibanashi,https://truyentranh.net/taisho-wotome-otogibanashi-taisho-wotome-otogibanashi,Chap 004
Terra Formars Gaiden - Asimov,https://truyentranh.net/terra-formars-gaiden-asimov,Chap 004
Kamen Rider Spirits,https://truyentranh.net/kamen-rider-spirits,Chap 004
Tales of Berseria,https://truyentranh.net/tales-of-berseria,Chap 004
Oto x Maho,https://truyentranh.net/oto-x-maho,Chap 004
Mikansei Lovers,https://truyentranh.net/mikansei-lovers,Chap 004
Skirt No Naka Wa Kedamono Deshita,https://truyentranh.net/skirt-no-naka-wa-kedamono-deshita,Chap 004
Momogumi Plus Senki,https://truyentranh.net/momogumi-plus-senki,Chap 004
Killing City,https://truyentranh.net/killing-city,Chap 004
"Konya wa Tsuki ga Kirei Desu ga, Toriaezu Shi ne",https://truyentranh.net/konya-wa-tsuki-ga-kirei-desu-ga-toriaezu-shi-ne,Chap 004
Sozo no Eterunite,https://truyentranh.net/sozo-no-eterunite,Chap 004
Jui-san no Oshigoto in Isekai,https://truyentranh.net/jui-san-no-oshigoto-in-isekai,Chap 004
One More Age,https://truyentranh.net/one-more-age,Chap 004
Atelier Tanaka,https://truyentranh.net/atelier-tanaka,Chap 004
Ah! My Goddess,https://truyentranh.net/ah-my-goddess,Chap 004
Grimore x Reverse - Tensei Kishin Roumantan,https://truyentranh.net/grimore-x-reverse---tensei-kishin-roumantan,Chap 004
Tokyo ESP x Ga-rei - Shadow Walker,https://truyentranh.net/tokyo-esp-x-ga-rei-shadow-walker,Chap 002
Bắc Đẩu Thần Troll,https://truyentranh.net/bac-dau-than-troll,Chap 002
Love & Dream,https://truyentranh.net/love---dream,Chap 002
CHOUSOU NO BABEL,https://truyentranh.net/chousou-no-babel,Chap 002
Panty & Stocking with Garterbelt,https://truyentranh.net/panty-stocking-with-garterbelt,Chap 002
The Case study of Vanitas,https://truyentranh.net/the-case-study-of-vanitas,Chap 002
Maoyuu Maou Yuusha,https://truyentranh.net/maoyuu-maou-yuusha-wicked-house,Chap 002
Forest of Drizzling Rain,https://truyentranh.net/forest-of-drizzling-rain,Chap 002
Getter Robo Devolution: Uchuu Saigo no 3-punkan,https://truyentranh.net/getter-robo-devolution-uchuu-saigo-no-3-punkan,Chap 002
Yuuutsu to Succubus-san,https://truyentranh.net/yuuutsu-to-succubus-san,Chap 002
ĐỈNH NÚI KHỈ,https://truyentranh.net/dinh-nui-khi,Chap 002
Datenshi Gakuen Debipara,https://truyentranh.net/datenshi-gakuen-debipara,Chap 002
ACCA - Cục Thanh Tra 13 Bang,https://truyentranh.net/acca-cuc-thanh-tra-13-bang,Chap 002
Cùng Một Chiếc Điện Thoại Thông Minh Tại Dị Giới,https://truyentranh.net/cung-mot-chiec-dien-thoai-thong-minh-tai-di-gioi,Chap 002
Tinh Linh Huyễn Tưởng Ký Tại Dị Giới,https://truyentranh.net/tinh-linh-huyen-tuong-ky-tai-di-gioi,Chap 002
Vương Quốc Mộng Tưởng Trần Dị Giới,https://truyentranh.net/vuong-quoc-mong-tuong-tran-di-gioi,Chap 002
Gọi Thiếu Nữ Đồng Trinh Tại Dị Giới,https://truyentranh.net/goi-thieu-nu-dong-trinh-tai-di-gioi,Chap 002
Tổng Giám Đốc Bạc Tình Yêu Thương Ta,https://truyentranh.net/tong-giam-doc-bac-tinh-yeu-thuong-ta,Chap 002
Kyoukai no Nai Sekai,https://truyentranh.net/kyoukai-no-nai-sekai,Chap 002
SHOKURYOU JINRUI,https://truyentranh.net/shokuryou-jinrui,Chap 002
Chào Mừng Cậu Đến Trường Iruma-Kun,https://truyentranh.net/mairimashita-iruma-kun,Chap 002
Green Tea Neko Moe Factory,https://truyentranh.net/green-tea-neko-moe-factory,Chap 210
Black Torch,https://truyentranh.net/black-torch,Chap 210
"Tenseishichatta yo (Iya, Gomen)",https://truyentranh.net/tenseishichatta-yo-iya-gomen,Chap 210
Bungou Stray Dogs,https://truyentranh.net/bungou-stray-dogs,Chap 210
Isekai Shihai No Skill Taker: Zero Kara Hajimeru Dorei Harem,https://truyentranh.net/isekai-shihai-no-skill-taker-zero-kara-hajimeru-dorei-harem,Chap 210
Youkoso Jitsuryoku Shijou Shugi no Kyoushitsu e,https://truyentranh.net/youkoso-jitsuryoku-shijou-shugi-no-kyoushitsu-e,Chap 210
A Method to Make the Gentle World,https://truyentranh.net/a-method-to-make-the-gentle-world,Chap 210
Ashi-Girl,https://truyentranh.net/ashi-girl,Chap 210
Yu-Gi-Oh R,https://truyentranh.net/yu-gi-oh-r-29968,Chap 210
Dangerous female teacher,https://truyentranh.net/dangerous-female-teacher,Chap 210
D.Y.N. Freaks (Wicked House-All For Manga),https://truyentranh.net/d-y-n--freaks-wicked-house-all-for-manga,Chap 210
Floor ni maou ga imasu,https://truyentranh.net/floor-ni-maou-ga-imasu,Chap 210
Dragon Ball After,https://truyentranh.net/dragon-ball-after,Chap 210
Kou 1 desu ga Isekai de Joushu Hajimemashita,https://truyentranh.net/kou-1-desu-ga-isekai-de-joushu-hajimemashita,Chap 210
Golden chance,https://truyentranh.net/golden-chance,Chap 210
Hiraheishi wa Kako wo Yumemiru,https://truyentranh.net/hiraheishi-wa-kako-wo-yumemiru,Chap 210
Project Doll-Phone,https://truyentranh.net/btg-project-doll-phone,Chap 210
The Promised Neverland,https://truyentranh.net/the-promised-neverland,Chap 210
Blue Friend season 2,https://truyentranh.net/blue-friend-season-2,Chap 210
Love-X,https://truyentranh.net/love-x,Chap 210
Tấm Cám: Untold God Father,https://truyentranh.net/tam-cam-untold-god-father,Chap 210
Kanata Konata,https://truyentranh.net/kanata-konata,Chap 001
Hoshi Mamoru Inu,https://truyentranh.net/hoshi-mamoru-inu,Chap 001
Senakagurashi,https://truyentranh.net/senakagurashi,Chap 001
Tenraku Akuma! Demon&#39;s Core,https://truyentranh.net/tenraku-akuma-demons-core,Chap 001
Saint Seiya - Saintia Shou,https://truyentranh.net/saint-seiya-saintia-shou ; Áo giÁp vÀng  nỮ thÁnh ĐẤu sĨ,Chap 001
Marry Grave,https://truyentranh.net/marry-grave,Chap 001
Meitantei Conan Hannin no Hansawa-san,https://truyentranh.net/meitantei-conan-hannin-no-hansawa-san,Chap 001
Kikimimi Zukan,https://truyentranh.net/kikimimi-zukan,Chap 001
Otona no Koi wa Kojiraseru,https://truyentranh.net/otona-no-koi-wa-kojiraseru,Chap 001
Shinigami To Gin No Kishi,https://truyentranh.net/shinigami-to-gin-no-kishi,Chap 001
KILL EYE,https://truyentranh.net/kill-eye,Chap 001
Neeko wa Tsurai yo,https://truyentranh.net/neeko-wa-tsurai-yo,Chap 001
Magnet na Watashitachi,https://truyentranh.net/magnet-na-watashitachi,Chap 001
Dokunie Cooking,https://truyentranh.net/dokunie-cooking,Chap 001
Saiko,https://truyentranh.net/saiko,Chap 001
Inagawa&#39;s love and ghost stories,https://truyentranh.net/inagawas-love-and-ghost-stories,Chap 001
Saikyou no Shokugyou wa Yuusha demo Kenja demo naku Kanteishi (Kari) rashii desu yo?,https://truyentranh.net/saikyou-no-shokugyou-wa-yuusha-demo-kenja-demo-naku-kanteishi-kari-rashii-desu-yo,Chap 001
Beastars,https://truyentranh.net/beastars,Chap 001
Shibuya Kingyo,https://truyentranh.net/shibuya-kingyo,Chap 001
Futoku no Guild,https://truyentranh.net/futoku-no-guild,Chap 001
"Makikomarete Isekai Teni suru Yatsu wa, Taitei Cheat",https://truyentranh.net/makikomarete-isekai-teni-suru-yatsu-wa-taitei-cheat,Chap 001
Mom&#39;s Cafe,https://truyentranh.net/moms-cafe,Chap 003
Kuromachi,https://truyentranh.net/kuromachi,Chap 003
Sengoku Komachi Kurou Tan!,https://truyentranh.net/sengoku-komachi-kurou-tan,Chap 003
Gomen no Money,https://truyentranh.net/gomen-no-monney,Chap 003
Tiểu thần Zenki,https://truyentranh.net/tieu-than-zenki,Chap 003
Layers of Fear,https://truyentranh.net/layers-of-fear,Chap 003
Noah&#39;s Notes,https://truyentranh.net/noahs-notes,Chap 003
Onepunch-Man Doujin,https://truyentranh.net/onepunch-man-doujin,Chap 003
Gankyu Kidan,https://truyentranh.net/gankyu-kidan,Chap 003
The Red Claw,https://truyentranh.net/the-red-claw,Chap 003
HIGANJIMA SS3,https://truyentranh.net/higanjima-ss3,Chap 003
Goumon Tournament,https://truyentranh.net/goumon-tournament,Chap 003
Sakazuki-sanchi No Gikyoudai,https://truyentranh.net/sakazuki-sanchi-no-gikyoudai,Chap 003
Ore Yome. - Ore no Yome ni Nare yo,https://truyentranh.net/ore-yome-ore-no-yome-ni-nare-yo,Chap 003
Shokuryo Kyoshitsu,https://truyentranh.net/shokuryo-kyoshitsu,Chap 003
Ragnarok Online,https://truyentranh.net/ragnarok-online,Chap 003
KENJA NO DESHI WO NANORU KENJA,https://truyentranh.net/kenja-no-deshi-wo-nanoru-kenja,Chap 003
Ningyou Touge,https://truyentranh.net/ningyou-touge,Chap 003
Demonizer Zilch,https://truyentranh.net/demonizer-zilch,Chap 003
HELVETICA,https://truyentranh.net/helvetica,Chap 003
Souzou no Ringo,https://truyentranh.net/souzou-no-ringo,Chap 003
The Story of a Girl with Sanpaku Eyes,https://truyentranh.net/the-story-of-a-girl-with-sanpaku-eyes,Chap 013
"Wanwan Monogatari: Kanemochi no Inu ni Shite to wa Itta ga, Fenrir ni Shiro to wa Itte Nee!",https://truyentranh.net/wanwan-monogatari-kanemochi-no-inu-ni-shite-to-wa-itta-ga-fenrir-ni-shiro-to-wa-itte-nee,Chap 013
Waga Itoshi no Wota Kanojo,https://truyentranh.net/waga-itoshi-no-wota-kanojo,Chap 013
Seijo no Maryoku Wa Bannou Desu,https://truyentranh.net/seijo-no-maryoku-wa-bannou-desu,Chap 013
"I, a Demon Lord, Took a Slave Elf as my Wife, but how do I Love Her?",https://truyentranh.net/i-a-demon-lord-took-a-slave-elf-as-my-wife-but-how-do-i-love-her,Chap 013
Koushaku Reijou no Tashinami,https://truyentranh.net/koushaku-reijou-no-tashinami,Chap 013
Kaworu-kun to hana no mori,https://truyentranh.net/kaworu-kun-to-hana-no-mori,Chap 013
Furumapura,https://truyentranh.net/furumapura,Chap 013
I decided to fake a marriage with my junior to shut up my parents,https://truyentranh.net/i-decided-to-fake-a-marriage-with-my-junior-to-shut-up-my-parents,Chap 013
Dame Na Kanojo wa Amaetai,https://truyentranh.net/dame-na-kanojo-wa-amaetai,Chap 013
The Mermaid Princess&#39;s Guilty Meal,https://truyentranh.net/the-mermaid-princesss-guilty-meal,Chap 013
Hananoi-kun to Koi no Yamai,https://truyentranh.net/hananoi-kun-to-koi-no-yamai,Chap 013
Eguchi-kun wa Minogasanai,https://truyentranh.net/eguchi-kun-wa-minogasanai,Chap 013
1-NEN A-GUMI NO MONSTER,https://truyentranh.net/1-nen-a-gumi-no-monster,Chap 013
SEIGAI NO MAJO,https://truyentranh.net/seigai-no-majo,Chap 013
Kirakira Shousekai,https://truyentranh.net/kirakira-shousekai,Chap 013
Yari no Yuusha no Yarinaoshi,https://truyentranh.net/yari-no-yuusha-no-yarinaoshi,Chap 013
Hiệp sĩ đến từ vùng tận cùng của thế giới,https://truyentranh.net/hiep-si-den-tu-vung-tan-cung-cua-the-gioi,Chap 028
Albert Ke no Reijou wa Botsuraku wo go Shomou desu,https://truyentranh.net/albert-ke-no-reijou-wa-botsuraku-wo-go-shomou-desu,Chap 028
Akkun to Kanojo,https://truyentranh.net/akkun-to-kanojo,Chap 028
The Great Merchant Kim Manduk,https://truyentranh.net/the-great-merchant-kim-manduk,Chap 013
Mousou Kataparuto,https://truyentranh.net/mousou-kataparuto,Chap 013
"Crap, I&#39;m a Teacher at a Black Gyaru School!",https://truyentranh.net/crap-im-a-teacher-at-a-black-gyaru-school,Chap 013
Tiếng gáy sát thủ,https://truyentranh.net/tieng-gay-sat-thu,Chap 013
SWORD ART ONLINE - HOLLOW REALIZATION,https://truyentranh.net/sword-art-online-hollow-realization,Chap 028
Living in this world with Cut & Paste,https://truyentranh.net/living-in-this-world-with-cut-paste,Chap 028
HOUKAGO NO BINETSU,https://truyentranh.net/houkago-no-binetsu,Chap 028
ASAHI SENPAI NO OKINIIRI,https://truyentranh.net/asahi-senpai-no-okiniiri,Chap 028
Elf DamDang và Orc Nghiêm Túc - Hentai Erufutomajime,https://truyentranh.net/elf-damdang-va-orc-nghiem-tuc-hentai-erufutomajime,Chap 028
Inu wo Kau,https://truyentranh.net/inu-wo-kau,Chap 028
Ookami-san To Eroi Koto,https://truyentranh.net/ookami-san-to-eroi-koto,Chap 028
ONEECHAN WA KOI YOUKAI,https://truyentranh.net/oneechan-wa-koi-youkai,Chap 028
Imouto no Oshigoto wa Jikyu 2000 yen,https://truyentranh.net/imouto-no-oshigoto-wa-jikyu-2000-yen,Chap 028
Jewelry - Hane to Kotori no Subarashiki Hibi,https://truyentranh.net/jewelry-hane-to-kotori-no-subarashiki-hibi,Chap 028
15 - Meisetsu Kougyou Koukou Rugby Bu,https://truyentranh.net/15-meisetsu-kougyou-koukou-rugby-bu,Chap 028
"MAOU NI NATTE NODE, DUNGEON TSUKUTTE JINGAI MUSUME TO HONOBONO SURU",https://truyentranh.net/maou-ni-natte-node-dungeon-tsukutte-jingai-musume-to-honobono-suru,Chap 028
KYOUKAI MEIKYUU TO IKAI NO MAJUTSUSHI,https://truyentranh.net/kyoukai-meikyuu-to-ikai-no-majutsushi,Chap 028
Generation Tank,https://truyentranh.net/generation-tank,Chap 028
Change the World,https://truyentranh.net/change-the-world,Chap 028
Sumi de Ii desu. Kamawanaide Kudasai,https://truyentranh.net/sumi-de-ii-desu-kamawanaide-kudasai,Chap 028
Jishou! Heibon Mazoku no Eiyuu Life: B-kyuu Mazoku nano ni Cheat Dungeon wo Tsukutteshimatta Kekka,https://truyentranh.net/jishou-heibon-mazoku-no-eiyuu-life-b-kyuu-mazoku-nano-ni-cheat-dungeon-wo-tsukutteshimatta-kekka,Chap 028
Combatants Will Be Dispatched!,https://truyentranh.net/combatants-will-be-dispatched,Chap 028
THE K.O.F: A NEW BEGINNING,https://truyentranh.net/the-k-o-f-a-new-beginning,Chap 002
MIIRA KAIKATA,https://truyentranh.net/miira-kaikata,Chap 002
Mou Karui Yandere de Ii kara Mote Taiwa,https://truyentranh.net/mou-karui-yandere-de-ii-kara-mote-taiwa,Chap 002
SAIOUJI KYOUDAI NI KOMARASARERU NO MO WARUKUNAI,https://truyentranh.net/saiouji-kyoudai-ni-komarasareru-no-mo-warukunai,Chap 002
"ISEKAI DE KOJIIN WO HIRAITA KEDO, NAZE KA DAREHITORI SUDATOU TO SHINAI KEN",https://truyentranh.net/isekai-de-kojiin-wo-hiraita-kedo-naze-ka-darehitori-sudatou-to-shinai-ken,Chap 002
ROSEN BLOOD,https://truyentranh.net/rosen-blood,Chap 002
Tokyo Undead,https://truyentranh.net/tokyo-undead,Chap 002
KOUSHIN KOINU NI KOIBUMI WO,https://truyentranh.net/koushin-koinu-ni-koibumi-wo,Chap 002
Houkago no Goumon Shoujo,https://truyentranh.net/houkago-no-goumon-shoujo,Chap 002
FROM MAID TO MOTHER,https://truyentranh.net/from-maid-to-mother,Chap 002
Jingai no Yome to Icha Icha suru - Anthology Comic Manga,https://truyentranh.net/jingai-no-yome-to-icha-icha-suru-anthology-comic-manga,Chap 002
GOSHUJIN-SAMA TO KEMONOMIMI NO SHOUJO MERU,https://truyentranh.net/goshujin-sama-to-kemonomimi-no-shoujo-meru,Chap 002
Yoru ni naru to Boku wa,https://truyentranh.net/yoru-ni-naru-to-boku-wa,Chap 002
CHITOSE ETC.,https://truyentranh.net/chitose-etc,Chap 002
I love you so I kill you,https://truyentranh.net/i-love-you-so-i-kill-you,Chap 002
Why Naitou (Season 1),https://truyentranh.net/why-naitou-season-1,Chap 002
TEITO HATSUKOI SHINJUU,https://truyentranh.net/teito-hatsukoi-shinjuu,Chap 002
LAND OF THE BLINDFOLDED,https://truyentranh.net/land-of-the-blindfolded,Chap 002
In the Room,https://truyentranh.net/in-the-room,Chap 002
Hatsunetsu Libido,https://truyentranh.net/hatsunetsu-libido,Chap 002
"BUTA KOUSHAKU NI TENSEI SHITAKARA, KONDO WA KIMI NI SUKI TO IITAI",https://truyentranh.net/buta-koushaku-ni-tensei-shitakara-kondo-wa-kimi-ni-suki-to-iitai,Chap 002
Ông Kẹ sau 6h tối! (mega team),https://truyentranh.net/ong-ke-sau-6h-toi-mega-team,Chap 092
OKUJOU HIME,https://truyentranh.net/okujou-hime,Chap 092
NHỮNG VỤ ÁN CỦA KINDAICHI Ở TUỔI 37,https://truyentranh.net/nhung-vu-an-cua-kindaichi-o-tuoi-37,Chap 092
KUUTEI KAIKO TOSHI,https://truyentranh.net/kuutei-kaiko-toshi,Chap 092
PRINCESS DIANA,https://truyentranh.net/princess-diana,Chap 092
CĂN PHÒNG,https://truyentranh.net/can-phong,Chap 092
Zenryoku Henai Girl,https://truyentranh.net/zenryoku-henai-girl,Chap 092
LITTLE LOTUS,https://truyentranh.net/little-lotus,Chap 092
"CHIKO-TAN, KOWARERU",https://truyentranh.net/chiko-tan-kowareru,Chap 092
Devil Down Under,https://truyentranh.net/devil-down-under,Chap 092
BIỆT ĐỘI TẾ BÀO BLACK - HATARAKU SAIBOU BLACK,https://truyentranh.net/biet-doi-te-bao-black-hataraku-saibou-black,Chap 092
DU THUYỀN ĐẪM MÁU,https://truyentranh.net/du-thuyen-dam-mau,Chap 092
Diner,https://truyentranh.net/diner,Chap 092
SHIDENKAI NO MAKI,https://truyentranh.net/shidenkai-no-maki,Chap 092
NYOTAIKA PLUS KANOJO,https://truyentranh.net/nyotaika-plus-kanojo,Chap 092
KIMI TO KOI O SHITTA,https://truyentranh.net/kimi-to-koi-o-shitta,Chap 092
MAJOKARI NO GENDAI KYOTEN,https://truyentranh.net/majokari-no-gendai-kyoten,Chap 092
Mobuko no Koi,https://truyentranh.net/mobuko-no-koi,Chap 092
SUKURI ZO!,https://truyentranh.net/sukuri-zo,Chap 092
Lời chào ban mai - Good Morning Call,https://truyentranh.net/loi-chao-ban-mai-good-morning-call,Chap 092
NHỮNG KẺ CÔ ĐƠN,https://truyentranh.net/nhung-ke-co-don,Chap 092
"AKUYAKU REIJOU WA, SHOMIN NI TOTSUGITAI! !",https://truyentranh.net/akuyaku-reijou-wa-shomin-ni-totsugitai,Chap 005.4
KAMISAMA NO KOIBITO,https://truyentranh.net/kamisama-no-koibito,Chap 005.4
ALIEN MANGA: THE UNINVITED GUES,https://truyentranh.net/alien-manga-the-uninvited-gues,Chap 005.4
CUỘC SỐNG THỨ HAI CỦA ĐỆ NHẤT SÁT THỦ,https://truyentranh.net/cuoc-song-thu-hai-cua-de-nhat-sat-thu,Chap 005.4
DỊCH VỤ TRẢ THÙ NGOẠI TRUYỆN,https://truyentranh.net/dich-vu-tra-thu-ngoai-truyen,Chap 005.4
Thanh Gươm Diệt Quỷ,https://truyentranh.net/sat-thu-quy,Chap 005.4
TENGOKU DAIMAKYOU,https://truyentranh.net/tengoku-daimakyou,Chap 005.4
THÚ CƯNG CỦA EM GÁI TÔI LÀ MA KIẾM,https://truyentranh.net/thu-cung-cua-em-gai-toi-la-ma-kiem,Chap 005.4
HOÀNG TỬ CÓ ĐỘC,https://truyentranh.net/hoang-tu-co-doc,Chap 005.4
BRAVE STORY - SHINSETSU,https://truyentranh.net/brave-story-shinsetsu,Chap 005.4
NÀNG NỔI LOẠN X CHÀNG THỢ MAY,https://truyentranh.net/nang-noi-loan-x-chang-tho-may,Chap 005.4
DEMON TUNE,https://truyentranh.net/demon-tune,Chap 005.4
TSUKI NO SANGO,https://truyentranh.net/tsuki-no-sango,Chap 005.4
FUKUSHUU KANSUISHA NO JINSEI NISHUUME ISEKAITAN,https://truyentranh.net/fukushuu-kansuisha-no-jinsei-nishuume-isekaitan,Chap 005.4
HỢP ĐỒNG VỚI ANH CHÀNG BẢO MẪU,https://truyentranh.net/hop-dong-voi-anh-chang-bao-mau,Chap 005.4
"MANNEN D-RANK NO CHUUNEN BOUKENSHA, YOTTA IKIOI DE DENSETSU NO KEN WO HIKKONUKU",https://truyentranh.net/mannen-d-rank-no-chuunen-boukensha-yotta-ikioi-de-densetsu-no-ken-wo-hikkonuku,Chap 005.4
UENO-SAN WA BUKIYOU,https://truyentranh.net/ueno-san-wa-bukiyou,Chap 005.4
ADACHI TO SHIMAMURA,https://truyentranh.net/adachi-to-shimamura,Chap 005.4
CỚM VÀ CÔN ĐỒ,https://truyentranh.net/com-va-con-do,Chap 005.4
NGƯỜI ĐÀN ÔNG ĐỘI MŨ THỎ,https://truyentranh.net/nguoi-dan-ong-doi-mu-tho,Chap 005.4
GẤU YÊU THƯƠNG,https://truyentranh.net/gau-yeu-thuong,Chap 005.4
KARNEVAL,https://truyentranh.net/karneval,Chap 015
HYAKUREN NO HAOU TO SEIYAKU NO IKUSA OTOME,https://truyentranh.net/hyakuren-no-haou-to-seiyaku-no-ikusa-otome,Chap 015
SACHIIRO NO ONE ROOM,https://truyentranh.net/sachiiro-no-one-room,Chap 015
"AKUYAKU REIJO WA, SHOMIN NI TOTSUGITAI! !",https://truyentranh.net/akuyaku-reijo-wa-shomin-ni-totsugitai,Chap 015
Nihonkoku Shoukan,https://truyentranh.net/nihonkoku-shoukan,Chap 015
Sarashina Subaru-kun no Meirei wa Zettai,https://truyentranh.net/sarashina-subaru-kun-no-meirei-wa-zettai,Chap 015
Cigarette and Cherry,https://truyentranh.net/cigarette-and-cherry,Chap 015
TATOEBA LAST DUNGEON MAE NO MURA NO SHOUNEN GA JOBAN NO MACHI DE KURASU YOUNA MONOGATARI,https://truyentranh.net/tatoeba-last-dungeon-mae-no-mura-no-shounen-ga-joban-no-machi-de-kurasu-youna-monogatari,Chap 015
High school Inari Tamamo-chan !,https://truyentranh.net/high-school-inari-tamamo-chan,Chap 015
Tin-So - My Ex Machina Is In Your Hands Up,https://truyentranh.net/tin-so-my-ex-machina-is-in-your-hands-up,Chap 015
Mayonaka no Stellarium,https://truyentranh.net/mayonaka-no-stellarium,Chap 015
BOUKENSHA NI NARITAI TO MIYAKO NI DETEITTA MUSUME GA S RANK NI NATTETA,https://truyentranh.net/boukensha-ni-naritai-to-miyako-ni-deteitta-musume-ga-s-rank-ni-natteta,Chap 015
"HOGOSHA DOUHAN PAPA WA WATASHI O ASAMADE, NANDO MO",https://truyentranh.net/hogosha-douhan-papa-wa-watashi-o-asamade-nando-mo,Chap 015
THE LONELY SPRING FAIRY,https://truyentranh.net/the-lonely-spring-fairy,Chap 015
SEKAI SAIKYOU NO KOUEI: MEIKYUUKOKU NO SHINJIN TANSAKUSHA,https://truyentranh.net/sekai-saikyou-no-kouei-meikyuukoku-no-shinjin-tansakusha,Chap 015
TONO KANRI O SHITE MIYOU,https://truyentranh.net/tono-kanri-o-shite-miyou,Chap 015
OSHIKAKE MAID SHIRAYUKI-SAN,https://truyentranh.net/oshikake-maid-shirayuki-san,Chap 015
HOGOSHA SHIKKAKU. ISSEN WO KOE TA YORU,https://truyentranh.net/hogosha-shikkaku-issen-wo-koe-ta-yoru,Chap 015
Jun and Kaoru: Pure and Fragrant,https://truyentranh.net/jun-and-kaoru-pure-and-fragrant,Chap 015
Ashigei Shoujo Komura-san,https://truyentranh.net/ashigei-shoujo-komura-san,Chap 015
Hataraku Saibou !,https://truyentranh.net/hataraku-saibou,Chap 015
NHỮNG ĐỨA TRẺ,https://truyentranh.net/nhung-dua-tre,Chap 006
Công Chúa Tái Sinh Hôm Nay Cũng Phá Flag,https://truyentranh.net/tensei-oujo-wa-kyou-mo-hata-wo-tatakioru,Chap 006
ISEKAI TENSEI NO BOUKENSHA,https://truyentranh.net/isekai-tensei-no-boukensha,Chap 006
XỨ GAINTORIA,https://truyentranh.net/xu-gaintoria,Chap 006
Devil May Cry 5 -Visions of V-,https://truyentranh.net/devil-may-cry-5-visions-of-v,Chap 006
FATE/GRAND ORDER: EPIC OF REMNANT - SHIMOSA,https://truyentranh.net/fategrand-order-epic-of-remnant-shimosa,Chap 006
QUỶ VƯƠNG GIẢ DẠNG,https://truyentranh.net/quy-vuong-gia-dang,Chap 006
ASHITA NO ESA KIMIDAKARA,https://truyentranh.net/ashita-no-esa-kimidakara,Chap 006
VỊ THẦN MA CÀ RỒNG,https://truyentranh.net/vi-than-ma-ca-rong,Chap 006
AMAZING ★ AMAZING,https://truyentranh.net/amazing-amazing,Chap 006
DANSHIRYOU NO OMOCHA,https://truyentranh.net/danshiryou-no-omocha,Chap 006
SOREDEMO AYUMU WA YOSETEKURU,https://truyentranh.net/soredemo-ayumu-wa-yosetekuru,Chap 006
KOI WA HIKARI,https://truyentranh.net/koi-wa-hikari,Chap 006
VỢ TÔI LÀ QUỶ CHÚA,https://truyentranh.net/vo-toi-la-quy-chua,Chap 006
"TẠI SAO NGÀI LẠI LÀM ĐIỀU NÀY, CÔNG TƯỚC CỦA TÔI!?",https://truyentranh.net/tai-sao-ngai-lai-lam-dieu-nay-cong-tuoc-cua-toi,Chap 006
LEVEL 1 WITH S-RANK DROP RATE IS THE STRONGEST,https://truyentranh.net/level-1-with-s-rank-drop-rate-is-the-strongest,Chap 006
CHƯƠNG MỞ ĐẦU CỦA TIỂU THUYẾT HÀN - LIGHT NOVEL (TKNT),https://truyentranh.net/chuong-mo-dau-cua-tieu-thuyet-han-light-novel-tknt,Chap 006
Người bà tài giỏi vùng Saga,https://truyentranh.net/nguoi-ba-tai-gioi-vung-saga,Chap 006
TÔI LÀ CON GÁI CỦA GIA ĐÌNH NÀY!,https://truyentranh.net/toi-la-con-gai-cua-gia-dinh-nay,Chap 006
NGƯỜI TRONG MỘNG CỦA KOTONO,https://truyentranh.net/nguoi-trong-mong-cua-kotono,Chap 006
SNAP DECISION,https://truyentranh.net/snap-decision,Chap 006
DAIYA NO ACE II,https://truyentranh.net/daiya-no-ace-ii,Chap 136
CẢM XÚC NGỌT NGÀO - CẢM XÚC NGỌT NGÀO,https://truyentranh.net/cam-xuc-ngot-ngao-cam-xuc-ngot-ngao,Chap 136
THIÊN MỆNH CHI LUYẾN - TEN NI KOU,https://truyentranh.net/thien-menh-chi-luyen-ten-ni-kou,Chap 136
OTONA NO BOUGUYA-SAN,https://truyentranh.net/otona-no-bouguya-san,Chap 136
SHINDE KUDASAI! YUUSHA DESHO,https://truyentranh.net/shinde-kudasai-yuusha-desho,Chap 136
ARASA QUEST,https://truyentranh.net/arasa-quest,Chap 136
Witch Order,https://truyentranh.net/witch-order,Chap 136
Digimon Adventure - Light of Hope,https://truyentranh.net/digimon-adventure-light-of-hope,Chap 136
SHIGA HIME,https://truyentranh.net/shiga-hime,Chap 136
CÔNG TƯỚC CHẾT CHÓC VÀ CÔ HẦU GÁI CỦA CẬU - SHINIGAMI BOCCHAN TO KURO MAID,https://truyentranh.net/cong-tuoc-chet-choc-va-co-hau-gai-cua-cau-shinigami-bocchan-to-kuro-maid,Chap 136
YUZUKI-SAN CHI NO YON KYOUDAI,https://truyentranh.net/yuzuki-san-chi-no-yon-kyoudai,Chap 136
BEATS 9,https://truyentranh.net/beats-9,Chap 136
OTOME WA BOKU NI KOISHITERU,https://truyentranh.net/otome-wa-boku-ni-koishiteru,Chap 136
KUSO MANGA BUKURO,https://truyentranh.net/kuso-manga-bukuro,Chap 136
NAMI IRO,https://truyentranh.net/nami-iro,Chap 136
HATOKO-SAN TO RABUKOME,https://truyentranh.net/hatoko-san-to-rabukome,Chap 136
JOSHI SHOUGAKUSEI HAJIMEMASHITA,https://truyentranh.net/joshi-shougakusei-hajimemashita,Chap 136
KOHARU NO HIBI,https://truyentranh.net/koharu-no-hibi,Chap 136
"SHUUDENGO, CAPSULE HOTEL DE, JOUSHI NI BINETSU TSUTAWARU YORU.",https://truyentranh.net/shuudengo-capsule-hotel-de-joushi-ni-binetsu-tsutawaru-yoru,Chap 136
DÀN GIAO HƯỞNG THIÊN THANH - AO NO ORCHESTRA,https://truyentranh.net/dan-giao-huong-thien-thanh-ao-no-orchestra,Chap 136
SWITCH GIRL!,https://truyentranh.net/switch-girl,Chap 136
FUTARI DE KOI WO SURU RIYUU,https://truyentranh.net/futari-de-koi-wo-suru-riyuu,Chap 016
LILY (YY),https://truyentranh.net/lily-yy,Chap 016
MELTY BLOOD - ÁC MỘNG HẺM SAU,https://truyentranh.net/melty-blood-ac-mong-hem-sau,Chap 016
GIRLS&#39; FRONTLINE COMIC ANTHOLOGY,https://truyentranh.net/girls-frontline-comic-anthology,Chap 016
CHIGUHAGU KOI MOYOU,https://truyentranh.net/chiguhagu-koi-moyou,Chap 016
KODOMO NO JIKAN: HOUKAGO,https://truyentranh.net/kodomo-no-jikan-houkago,Chap 016
ĐẢO CHẾT CHÓC,https://truyentranh.net/dao-chet-choc,Chap 016
Alita - Thiên Thần Chiến Binh,https://truyentranh.net/alita-thien-than-chien-binh,Chap 016
"Fukushuu o Koinegau Saikyou Yuusha wa, Yami no Chikara de Senmetsu Musou Suru",https://truyentranh.net/fukushuu-o-koinegau-saikyou-yuusha-wa-yami-no-chikara-de-senmetsu-musou-suru,Chap 016
ĂN MỘT BỮA DO CHÁU NẤU ĐI MÀ,https://truyentranh.net/an-mot-bua-do-chau-nau-di-ma,Chap 016
WATASHU-TẠI SAO MÌNH KHÔNG THỂ NGƯNG LÀM NỮ CHÍNH ?,https://truyentranh.net/watashu-tại-sao-mình-khong-thẻ-ngung-làm-nũ-chính,Chap 016
LYLUN EYE,https://truyentranh.net/lylun-eye,Chap 016
TANJUN-KA SHI SUGITA SCP,https://truyentranh.net/tanjun-ka-shi-sugita-scp,Chap 016
MAHOUKA KOUKOU NO RETTOUSEI - DOUBLE SEVEN HEN,https://truyentranh.net/mahouka-koukou-no-rettousei-double-seven-hen,Chap 016
ZENAKU NO KUZU,https://truyentranh.net/zenaku-no-kuzu,Chap 016
NUIDARA ZETSURIN,https://truyentranh.net/nuidara-zetsurin,Chap 016
YANCHA GAL NO ANJOU-SAN SERIES,https://truyentranh.net/yancha-gal-no-anjou-san-series,Chap 016
Shin Koihime † Musou,https://truyentranh.net/shin-koihime-musou,Chap 016
MONONOGATARI,https://truyentranh.net/mononogatari,Chap 016
THE SCUM OF GOOD AND EVIL,https://truyentranh.net/the-scum-of-good-and-evil,Chap 016
KINGDOM HEARTS 365/2 DAYS,https://truyentranh.net/kingdom-hearts-3652-days,Chap 016
SLIME LIFE,https://truyentranh.net/slime-life,Chap 121
GWENPOOL SIÊU PHÀM,https://truyentranh.net/gwenpool-sieu-pham,Chap 121
"YUUKYUU NO GUSHA ASLEY NO, KENJA NO SUSUME",https://truyentranh.net/yuukyuu-no-gusha-asley-no-kenja-no-susume,Chap 121
SHUUMATSU NANI SHITEMASU KA? ISOGASHII DESU KA? SUKUTTE MORATTE II DESU KA?,https://truyentranh.net/shuumatsu-nani-shitemasu-ka-isogashii-desu-ka-sukutte-moratte-ii-desu-ka,Chap 121
HAPPINESS UPON YOU,https://truyentranh.net/happiness-upon-you,Chap 121
HANTSUKI,https://truyentranh.net/hantsuki,Chap 121
KONO YUUSHA GA ORE TUEEE KUSE NI SHINCHOU SUGIRU,https://truyentranh.net/kono-yuusha-ga-ore-tueee-kuse-ni-shinchou-sugiru,Chap 121
NHỮNG MẨU TRUYỆN VỀ CẶP ĐÔI OKIKAGU,https://truyentranh.net/nhung-mau-truyen-ve-cap-doi-okikagu,Chap 121
MOSHI FANREN,https://truyentranh.net/moshi-fanren,Chap 121
DOUJIGUN KAN,https://truyentranh.net/doujigun-kan,Chap 121
FA BỊ MA ÁM,https://truyentranh.net/fa-bi-ma-am,Chap 121
GARDEN SPHERE,https://truyentranh.net/garden-sphere,Chap 121
HIGAN NO MICHISUGARA: TSUBAKI,https://truyentranh.net/higan-no-michisugara-tsubaki,Chap 121
CẬU BÉ ĐÀO TIÊN,https://truyentranh.net/cau-be-dao-tien,Chap 121
AMAI CHOUBATSU WATASHI WA KANSHU SENYOU PET,https://truyentranh.net/amai-choubatsu-watashi-wa-kanshu-senyou-pet,Chap 121
BLACK★ROCK SHOOTER: THE GAME,https://truyentranh.net/blackrock-shooter-the-game,Chap 121
LỘT XÁC (MEGA TEAM),https://truyentranh.net/lot-xac-mega-team,Chap 121
BERMUDA,https://truyentranh.net/bermuda,Chap 121
PAWAHARA BISHOUJO KANPANII,https://truyentranh.net/pawahara-bishoujo-kanpanii,Chap 121
KOUKOU TEKKENDEN TOUGH,https://truyentranh.net/koukou-tekkenden-tough,Chap 121
"SAIKYOU-SHOKU “RYUU KISHI” KARA SHOKYUU-SHOKU “HAKOBI-YA” NI NATTA NO NI, NAZE KA YUUSHA-TACHI KARA",https://truyentranh.net/saikyou-shoku-ryuu-kishi-kara-shokyuu-shoku-hakobi-ya-ni-natta-no-ni-naze-ka-yuusha-tachi-kara,Chap 121
LÂY NHIỄM,https://truyentranh.net/lay-nhiem,Chap 046
MAOU NO MIGIUDE NI NATTANODE GENSAKU KAIAKU SHIMASU,https://truyentranh.net/maou-no-migiude-ni-nattanode-gensaku-kaiaku-shimasu,Chap 046
ORE NO OTOUTO NO HONJITSU NO ONEDARI,https://truyentranh.net/ore-no-otouto-no-honjitsu-no-onedari,Chap 046
IT’S VIRTUALLY IMPOSSIBLE TO MAKE THIS BOY LIKE ME,https://truyentranh.net/its-virtually-impossible-to-make-this-boy-like-me,Chap 046
MISEINEN DAKEDO KODOMO JA NAI,https://truyentranh.net/miseinen-dakedo-kodomo-ja-nai,Chap 046
"REINCARNATED AS A DRAGON&#39;S EGG - LET&#39;S AIM TO BE THE STRONGEST,",https://truyentranh.net/reincarnated-as-a-dragons-egg-lets-aim-to-be-the-strongest,Chap 046
MACHIDA-KUN NO SEKAI,https://truyentranh.net/machida-kun-no-sekai,Chap 046
THE IDOLM@STER (MANA),https://truyentranh.net/the-idolmster-mana,Chap 046
CÂU CHUYỆN CỦA THIÊN HOÀNG CHIÊU HÒA-SHOUWA TENNOU MONOGATARI,https://truyentranh.net/cau-chuyen-cua-thien-hoang-chieu-hoa-shouwa-tennou-monogatari,Chap 046
TSUKIIRO NO INVADER,https://truyentranh.net/tsukiiro-no-invader,Chap 046
"OHAYOU, IBARAHIME",https://truyentranh.net/ohayou-ibarahime,Chap 046
"SEN WA, BOKU WO EGAKU",https://truyentranh.net/sen-wa-boku-wo-egaku,Chap 046
QUÁI THÚ VÀ CÔ GÁI MÙ,https://truyentranh.net/quai-thu-va-co-gai-mu,Chap 046
SAMAYOERU TENSEI-SHA-TACHI NO REVIVAL GAME,https://truyentranh.net/samayoeru-tensei-sha-tachi-no-revival-game,Chap 046
CHÀNG LÍNH CỨU HỎA LÃNG TỬ,https://truyentranh.net/chang-linh-cuu-hoa-lang-tu,Chap 046
HOKUHOKUSEI NI KUMO TO IKE,https://truyentranh.net/hokuhokusei-ni-kumo-to-ike,Chap 046
ZOMBIE KING,https://truyentranh.net/zombie-king,Chap 046
TOKYO SHINOBI SQUAD,https://truyentranh.net/tokyo-shinobi-squad,Chap 046
FREETER GA JIMINI ISEKAI TENI SURU,https://truyentranh.net/freeter-ga-jimini-isekai-teni-suru,Chap 046
MAKUI NO RISOU,https://truyentranh.net/makui-no-risou,Chap 046
ICHINOSE-KUN WA KOFUN DEKINAI,https://truyentranh.net/ichinose-kun-wa-kofun-dekinai,Chap 046
"CHICHI WA EIYUU, HAHA WA SEIREI, MUSUME NO WATASHI WA TENSEISHA",https://truyentranh.net/chichi-wa-eiyuu-haha-wa-seirei-musume-no-watashi-wa-tenseisha,Chap 024
HUYỀN THOẠI VỀ NHỮNG ANH HÙNG DẢI NGÂN HÀ,https://truyentranh.net/huyen-thoai-ve-nhung-anh-hung-dai-ngan-ha,Chap 024
MÌNH MUỐN LÀM BẠN VỚI CẬU ẤY!!,https://truyentranh.net/minh-muon-lam-ban-voi-cau-ay,Chap 024
SINNER,https://truyentranh.net/sinner,Chap 024
KHUNG GIỜ TỬ VONG,https://truyentranh.net/khung-gio-tu-vong,Chap 024
KAMEN HENTAI TRỞ LẠI,https://truyentranh.net/kamen-hentai-tro-lai,Chap 024
SAMURAI 8: HÀNH TRÌNH CỦA HACHIMARU,https://truyentranh.net/samurai-8-hanh-trinh-cua-hachimaru,Chap 024
"Dad is a Hero, Mom is a Spirit, I'm a Reincarnator",https://truyentranh.net/dad-is-a-hero-mom-is-a-spirit-im-a-reincarnator,Chap 024
"Tôi Bị ""Ăn"" Ngay Lập Tức Khi Xuyên Qua Thế Giới Khác",https://truyentranh.net/toi-bi-an-ngay-lap-tuc-khi-xuyen-qua-the-gioi-khac,Chap 024
Boku No Namae Wa 'Shounen A',https://truyentranh.net/boku-no-namae-wa-shounen-a,Chap 024
CHANGE (JINYUAN),https://truyentranh.net/change-jinyuan,Chap 024
"Imouto ni Fiancee wo Yuzure to Iwaremashita, Saikyou no Ryuu ni Kiniirarete Masakano Okoku Nottori?",https://truyentranh.net/imouto-ni-fiancee-wo-yuzure-to-iwaremashita-saikyou-no-ryuu-ni-kiniirarete-masakano-okoku-nottori,Chap 024
YUZURE,https://truyentranh.net/yuzure,Chap 024
"AISHITEIMASU, KYOUKO-SAN",https://truyentranh.net/aishiteimasu-kyouko-san,Chap 024
Jank Runk Family,https://truyentranh.net/jank-runk-family,Chap 024
BẦY THÚ MẶT NGƯỜI,https://truyentranh.net/bay-thu-mat-nguoi,Chap 024
SHINUHODO MOTERU TSUMETAI SEITOKAICHOU,https://truyentranh.net/shinuhodo-moteru-tsumetai-seitokaichou,Chap 024
Ore dake Haireru Kakushi Dungeon: Kossori Kitaete Sekai Saikyou,https://truyentranh.net/ore-dake-haireru-kakushi-dungeon-kossori-kitaete-sekai-saikyou,Chap 024
MOMO: The Blood Taker,https://truyentranh.net/momo-the-blood-taker,Chap 024
BỨC HỌA ĐẪM MÁU CỦA PHÙ THỦY,https://truyentranh.net/buc-hoa-dam-mau-cua-phu-thuy,Chap 024
MAKU MUSUBI,https://truyentranh.net/maku-musubi,Chap 024
THE VILLAINESS&#39; SLOW PRISON LIFE BEGAN WITH HER BROKEN ENGAGEMENT,https://truyentranh.net/the-villainess-slow-prison-life-began-with-her-broken-engagement,Chap 003
MAJO TO NEKO NO HANASHI,https://truyentranh.net/majo-to-neko-no-hanashi,Chap 003
GOKUTSUMA DAYS: GOKUDOU SANKYOUDAI NI SEMARETEMASU,https://truyentranh.net/gokutsuma-days-gokudou-sankyoudai-ni-semaretemasu,Chap 003
KOKO WA IMA KARA RINRI DESU.,https://truyentranh.net/koko-wa-ima-kara-rinri-desu,Chap 003
MASEKI GURUME: MAMONO NO CHIKARA O TABETA ORE WA SAIKYOU!,https://truyentranh.net/maseki-gurume-mamono-no-chikara-o-tabeta-ore-wa-saikyou,Chap 003
TỚ LÀ MÈO KOHANA,https://truyentranh.net/to-la-meo-kohana,Chap 003
AOI-SAN NHỎ HƠN TÔI 16 TUỔI,https://truyentranh.net/aoi-san-nho-hon-toi-16-tuoi,Chap 003
OOKAMI WA NEMURANAI,https://truyentranh.net/ookami-wa-nemuranai,Chap 003
NGƯỜI MẸ GIÀ DÂN TỘC MYAO,https://truyentranh.net/nguoi-me-gia-dan-toc-myao,Chap 003
"KIRAI NI NARIMASU, SAYAMA-KUN!",https://truyentranh.net/kirai-ni-narimasu-sayama-kun,Chap 003
HAZURE WAKU NO JOUTAI IJOU SKILL DE SAIKYOU NI NATTA ORE GA SUBETE WO JUURIN SURU MADE,https://truyentranh.net/hazure-waku-no-joutai-ijou-skill-de-saikyou-ni-natta-ore-ga-subete-wo-juurin-suru-made,Chap 003
BIÊN TẬP VIÊN MỘNG MƠ VÀ TIỂU THUYẾT GIA CHÁN ĐỜI,https://truyentranh.net/bien-tap-vien-mong-mo-va-tieu-thuyet-gia-chan-doi,Chap 003
MATSUMOTO EEKO WA FUTSUU NO KO,https://truyentranh.net/matsumoto-eeko-wa-futsuu-no-ko,Chap 003
MUSHOKU NO EIYUU: BETSU NI SKILL NANKA IRANAKATTAN DAGA,https://truyentranh.net/mushoku-no-eiyuu-betsu-ni-skill-nanka-iranakattan-daga,Chap 003
MESHIA NO TETTUI,https://truyentranh.net/meshia-no-tettui,Chap 003
NIWAKA REIJOU WA OUTAISHI DENKA NO YATOWARE KONYAKUSHA,https://truyentranh.net/niwaka-reijou-wa-outaishi-denka-no-yatoware-konyakusha,Chap 003
GOLDEN GOLD,https://truyentranh.net/golden-gold,Chap 003
CHỈ 2 NGƯỜI TRONG PHÒNG,https://truyentranh.net/chi-2-nguoi-trong-phong,Chap 003
TÔI MUỐN LÀM TIẾP TÂN CỦA THẾ GIỚI MA PHÁP,https://truyentranh.net/toi-muon-lam-tiep-tan-cua-the-gioi-ma-phap,Chap 003
ĐÊM TÂN HÔN GIẢ CÙNG CHÀNG QUÂN NHÂN MÁU S,https://truyentranh.net/dem-tan-hon-gia-cung-chang-quan-nhan-mau-s,Chap 003
UCHI NO YOME WA JIBUN NO KOTO SHIKA KANGAENAI!!,https://truyentranh.net/uchi-no-yome-wa-jibun-no-koto-shika-kangaenai,Chap 003
TÔI GẶP RẮC RỐI RẰNG VỊ HÔN PHU CỦA TÔI LÀ NHÂN VẬT PHẢN DIỆN,https://truyentranh.net/toi-gap-rac-roi-rang-vi-hon-phu-cua-toi-la-nhan-vat-phan-dien,Chap 002
Shino-Chan Wa Jibun No Namae Ga Ienai,https://truyentranh.net/shino-chan-wa-jibun-no-namae-ga-ienai,Chap 002
Sleepy Barmaid,https://truyentranh.net/sleepy-barmaid,Chap 002
"YAKUDATAZU SKILL NI JINSEI O SOSOGIKOMI 25-NEN, IMASARA SAIKYOU NO BOUKENTAN MIDORI KASHI NO AKIRA",https://truyentranh.net/yakudatazu-skill-ni-jinsei-o-sosogikomi-25-nen-imasara-saikyou-no-boukentan-midori-kashi-no-akira,Chap 002
THẦN ĐIÊU ĐẠI HIỆP,https://truyentranh.net/than-dieu-dai-hiep,Chap 002
HAGURE SEIREI INO SHINSATSU KIROKU ~ SEIJO KISHI-DAN TO IYASHI NO KAMIWAZA ~,https://truyentranh.net/hagure-seirei-ino-shinsatsu-kiroku-seijo-kishi-dan-to-iyashi-no-kamiwaza,Chap 002
DEAR SIR... I MARRIED A KILLER,https://truyentranh.net/dear-sir-i-married-a-killer,Chap 002
Xúc Xắc Tử Thần,https://truyentranh.net/xuc-xac-tu-than,Chap 002
Torimibu no Takanashi-san.,https://truyentranh.net/torimibu-no-takanashi-san,Chap 002
My Pink Is Overflowing,https://truyentranh.net/my-pink-is-overflowing,Chap 002
SEX AND DUNGEON,https://truyentranh.net/sex-and-dungeon,Chap 002
O CHIKADZUKI NI NARITAI MANGA,https://truyentranh.net/o-chikadzuki-ni-naritai-manga,Chap 002
"SHIJOU SAIKYOU NO MAHOU KENSHI, F RANK BOUKENSHA NI TENSEI SURU ~ KENSEI TO MATEI",https://truyentranh.net/shijou-saikyou-no-mahou-kenshi-f-rank-boukensha-ni-tensei-suru-kensei-to-matei,Chap 002
THE GEMINI ARE MY AGE,https://truyentranh.net/the-gemini-are-my-age,Chap 002
YÊU CẦU KHẨN CẤP: CÁCH NUÔI MỘT CON RỒNG BỊ BỎ RƠI !,https://truyentranh.net/yeu-cau-khan-cap-cach-nuoi-mot-con-rong-bi-bo-roi,Chap 002
Mahouka Koukou no Rettousei - Steeplechase Hen,https://truyentranh.net/mahouka-koukou-no-rettousei-steeplechase-hen,Chap 002
Kuroisha no Dessert,https://truyentranh.net/kuroisha-no-dessert,Chap 002
ZAKURO NO JIGOKU,https://truyentranh.net/zakuro-no-jigoku,Chap 002
THE SWORDSMAN CALLED THE COUNTLESS SWORDS SORCERER,https://truyentranh.net/the-swordsman-called-the-countless-swords-sorcerer,Chap 002
"Đến Giờ ""Thẩm Vấn"" Rồi, Thưa Công Chúa!",https://truyentranh.net/den-gio-tham-van-roi-thua-cong-chua,Chap 002
HOSHIGAMI-KUN WA DOUKA SHITE IRU,https://truyentranh.net/hoshigami-kun-wa-douka-shite-iru,Chap 002
By Spring,https://truyentranh.net/by-spring,Chap 023
Tận cùng của Thế Giới và tình yêu của Phù Thủy,https://truyentranh.net/tan-cung-cua-the-gioi-va-tinh-yeu-cua-phu-thuy,Chap 023
"Bây giờ thế giới đầy quái vật,vì vậy tôi muốn sống như tôi hằng mong ước",https://truyentranh.net/bay-gio-the-gioi-day-quai-vatvi-vay-toi-muon-song-nhu-toi-hang-mong-uoc,Chap 023
25-ji no Ghost Writer,https://truyentranh.net/25-ji-no-ghost-writer,Chap 023
MIKIO & MIKIO,https://truyentranh.net/mikio-mikio,Chap 023
Khổng Minh Thích Tiệc Tùng,https://truyentranh.net/khong-minh-thich-tiec-tung,Chap 023
Tái sinh thành hầu gái vô đối,https://truyentranh.net/tai-sinh-thanh-hau-gai-vo-doi,Chap 023
Bí Mật Của Chúng Tôi,https://truyentranh.net/bi-mat-cua-chung-toi,Chap 023
Angel Buddy,https://truyentranh.net/angel-buddy,Chap 023
Nijiiro Secret,https://truyentranh.net/nijiiro-secret,Chap 023
"Xuân, hạ và đông bị trúng lời nguyền",https://truyentranh.net/xuan-ha-va-dong-bi-trung-loi-nguyen,Chap 023
Shishidou-san ni Shikararetai,https://truyentranh.net/shishidou-san-ni-shikararetai,Chap 023
Binh Pháp Mặc Công,https://truyentranh.net/binh-phap-mac-cong,Chap 023
Ngôn Ngữ Yêu Thương,https://truyentranh.net/ngon-ngu-yeu-thuong,Chap 023
LOVE AFTER WORLD DOMINATION,https://truyentranh.net/love-after-world-domination,Chap 023
NỮ PHỤ PHẢN DIỆN SẼ TÌM ĐƯỢC TÌNH YÊU ĐÍCH THỰC,https://truyentranh.net/nu-phu-phan-dien-se-tim-duoc-tinh-yeu-dich-thuc,Chap 023
TÔI TRỞ THÀNH THÁNH NỮ BÁN ĐỒ ĂN DẠO Ở THẾ GIỚI KHÁC,https://truyentranh.net/toi-tro-thanh-thanh-nu-ban-do-an-dao-o-the-gioi-khac,Chap 023
ITSUYA-SAN,https://truyentranh.net/itsuya-san,Chap 023
BEYOND GOOD AND EVIL,https://truyentranh.net/beyond-good-and-evil,Chap 023
TOKIMEKI NO IKENIE,https://truyentranh.net/tokimeki-no-ikenie,Chap 023
"Mezametara Saikyou Soubi To Uchuusen-mochi Datta No De, Ikkodate Mezashite Youhei Toshite Jiyuu",https://truyentranh.net/mezametara-saikyou-soubi-to-uchuusen-mochi-datta-no-de-ikkodate-mezashite-youhei-toshite-jiyuu,Chap 023
TSUN-AMA NA KARESHI,https://truyentranh.net/tsun-ama-na-kareshi,Chap 023
PONKOTSU FUUKIIN TO SKIRT TAKE GA FUTEKISETSU NA JK NO HANASHI,https://truyentranh.net/ponkotsu-fuukiin-to-skirt-take-ga-futekisetsu-na-jk-no-hanashi,Chap 023
ĐÓA HOA NĂM ẤY,https://truyentranh.net/doa-hoa-nam-ay,Chap 023
MỤC TIÊU CỦA TÔI LÀ NGƯỜI ANH YÊU TƯƠNG CÀ!,https://truyentranh.net/muc-tieu-cua-toi-la-nguoi-anh-yeu-tuong-ca,Chap 023
SEKIZUI HIKINUKI NO KEI OMNIBUS,https://truyentranh.net/sekizui-hikinuki-no-kei-omnibus,Chap 023
JK HARU WA ISEKAI DE SHOUFU NI NATTA,https://truyentranh.net/jk-haru-wa-isekai-de-shoufu-ni-natta,Chap 023
RAW HERO,https://truyentranh.net/raw-hero,Chap 023
SWORD ART ONLINE - ORDINAL SCALE,https://truyentranh.net/sword-art-online-ordinal-scale,Chap 023
OOMUROKE,https://truyentranh.net/oomuroke,Chap 023
OJOU TO BANKEN-KUN,https://truyentranh.net/ojou-to-banken-kun,Chap 023
CÁI CHẾT SAU 7 NGÀY,https://truyentranh.net/cai-chet-sau-7-ngay,Chap 023
DARK GATHERING,https://truyentranh.net/dark-gathering,Chap 023
"MAOU TOUBATSU SHITA ATO, MEDACHITAKUNAI NODE GUILD MASTER NI NATTA",https://truyentranh.net/maou-toubatsu-shita-ato-medachitakunai-node-guild-master-ni-natta,Chap 023
ASEBI TO SORA SEKAI NO BOUKENSHA.,https://truyentranh.net/asebi-to-sora-sekai-no-boukensha,Chap 023
ĐẾ CHẾ HI VỌNG ĐƯỢC ĐÍNH HÔN VỚI NỮ QUAN,https://truyentranh.net/de-che-hi-vong-duoc-dinh-hon-voi-nu-quan,Chap 023
NARUTO FULL COLOR EDITION,https://truyentranh.net/naruto-full-color-edition,Chap 023
IMOUTO NO TOMODACHI GA NANI KANGAE TERU NO KA WAKARANAI,https://truyentranh.net/imouto-no-tomodachi-ga-nani-kangae-teru-no-ka-wakaranai,Chap 023
BALANCE POLICY,https://truyentranh.net/balance-policy,Chap 023
THE WHIMSICAL CURSED SWORD,https://truyentranh.net/the-whimsical-cursed-sword,Chap 023
IT’S NOT MY FAULT THAT I’M NOT POPULAR!,https://truyentranh.net/its-not-my-fault-that-im-not-popular,Chap 023
SHOUJOTACHI WA KOUYA WO MEZASU YUKIDOKE NO OTO,https://truyentranh.net/shoujotachi-wa-kouya-wo-mezasu-yukidoke-no-oto,Chap 023
Koukai No Nai Jinsei Wo,https://truyentranh.net/koukai-no-nai-jinsei-wo,Chap 001
Demon&#39;s Sword Master of Excalibur School,https://truyentranh.net/demons-sword-master-of-excalibur-school,Chap 001
Kuroha to Nijisike,https://truyentranh.net/kuroha-to-nijisike,Chap 001
Homeless Tensei,https://truyentranh.net/homeless-tensei,Chap 001
Moon Behind Clouds,https://truyentranh.net/moon-behind-clouds,Chap 001
Hayasegawa-kun to Megami na Onee-san,https://truyentranh.net/hayasegawa-kun-to-megami-na-onee-san,Chap 001
Quý Ông Hay Quái Vật,https://truyentranh.net/quy-ong-hay-quai-vat,Chap 001
VRMMO de Summoner Hajimemashita,https://truyentranh.net/vrmmo-de-summoner-hajimemashita,Chap 001
I Will Go and Disappear Obediently,https://truyentranh.net/i-will-go-and-disappear-obediently,Chap 001
Kuro Homura No Sen Otome,https://truyentranh.net/kuro-homura-no-sen-otome,Chap 001
"Tsubasa-chan, Kimi Wa. Macchingu Shita Onna Wa Satsujinki",https://truyentranh.net/tsubasa-chan-kimi-wa-macchingu-shita-onna-wa-satsujinki,Chap 001
Ryuu Majin Hime Valalice no Haiboku - Makai Saikyou no Hime ga Jinrui no Gurume ni Makeru Hazu ga Na,https://truyentranh.net/ryuu-majin-hime-valalice-no-haiboku-makai-saikyou-no-hime-ga-jinrui-no-gurume-ni-makeru-hazu-ga-na,Chap 001
Ore wa Lolicon ja Nai!,https://truyentranh.net/ore-wa-lolicon-ja-nai,Chap 001
Shingeki No Eroko-san,https://truyentranh.net/shingeki-no-eroko-san,Chap 001
Doukyuusei! Zutto Kimi Ga Suki Data,https://truyentranh.net/doukyuusei-zutto-kimi-ga-suki-data,Chap 001
Boys Run The Riot,https://truyentranh.net/boys-run-the-riot,Chap 001
Cô Gái Bất Tử Và Khế Ước Với Ác Ma,https://truyentranh.net/co-gai-bat-tu-va-khe-uoc-voi-ac-ma,Chap 001
Mashle: Magic and Muscles,https://truyentranh.net/mashle-magic-and-muscles,Chap 001
Tales Of Reincarnation In Maydare,https://truyentranh.net/tales-of-reincarnation-in-maydare,Chap 001
Chuunen Superman Saenai-shi,https://truyentranh.net/chuunen-superman-saenai-shi,Chap 001
Ngũ Diệp Ốc,https://truyentranh.net/ngu-diep-oc,Chap 001
TỚ ĐÃ YÊU CẬU RẤT NHIỀU,https://truyentranh.net/to-da-yeu-cau-rat-nhieu,Chap 017
SỮA CHOCO [CL],https://truyentranh.net/sua-choco-cl,Chap 017
HIRASAKA HINAKO GA ERO KAWAII KOTO WO ORE DAKE GA SHITTEIRU,https://truyentranh.net/hirasaka-hinako-ga-ero-kawaii-koto-wo-ore-dake-ga-shitteiru,Chap 017
KEMUNIMAKU,https://truyentranh.net/kemunimaku,Chap 017
"AISHITEIMASU, KYOUKO-SAN.",https://truyentranh.net/aishiteimasu-kyouko-san-33631,Chap 017
HỘI PHÁP SƯ: CHUYẾN PHIÊU LƯU KÌ THÚ CỦA HAPPY,https://truyentranh.net/hoi-phap-su-chuyen-phieu-luu-ki-thu-cua-happy,Chap 017
TOUBOUSHA ELIO,https://truyentranh.net/toubousha-elio,Chap 017
"DẬY ĐI NÀO, KUSAKABE",https://truyentranh.net/day-di-nao-kusakabe,Chap 017
GUSHA NO HOSHI,https://truyentranh.net/gusha-no-hoshi,Chap 017
DARK ARTS MASTER - THE MAGIC WIZARD,https://truyentranh.net/dark-arts-master-the-magic-wizard,Chap 017
TÔI - GIẢ MẠO,https://truyentranh.net/toi-gia-mao,Chap 017
OHAYOU TOKA OYASUMI TOKA,https://truyentranh.net/ohayou-toka-oyasumi-toka,Chap 017
SIGNAL 100,https://truyentranh.net/signal-100,Chap 017
DAREKA KONO JOUKYOU WO SETSUMEI SHITE KUDASAI!,https://truyentranh.net/dareka-kono-joukyou-wo-setsumei-shite-kudasai,Chap 017
BỤI ĐỜI PHONG CÁCH QUÝ TỘC,https://truyentranh.net/bui-doi-phong-cach-quy-toc,Chap 017
NISHINO - GAKUNAI CASTE SAIKAI NI SHITE INOU SEKAI SAIKYOU NO SHOUNEN,https://truyentranh.net/nishino-gakunai-caste-saikai-ni-shite-inou-sekai-saikyou-no-shounen,Chap 017
DEAR SA-CHAN,https://truyentranh.net/dear-sa-chan,Chap 017
SEINARU KEN WO NUITARA ONNA NO KO NI NATTE SHIMATTA YUUSHA NO MANGA,https://truyentranh.net/seinaru-ken-wo-nuitara-onna-no-ko-ni-natte-shimatta-yuusha-no-manga,Chap 017
DEKIRU NEKO WA KYO MO YUUUTSU,https://truyentranh.net/dekiru-neko-wa-kyo-mo-yuuutsu,Chap 017
CẶP ĐÔI NGỐC NGHẾCH,https://truyentranh.net/cap-doi-ngoc-nghech,Chap 017
MOURNING BRIDE,https://truyentranh.net/mourning-bride,Chap 017
Chuyện Kinh Dị Trên Ngọn Núi Balemount,https://truyentranh.net/chuyen-kinh-di-tren-ngon-nui-balemount,Chap 004
Madonna Ga Glass Case No Na,https://truyentranh.net/madonna-ga-glass-case-no-na,Chap 004
Gian lận tăng cấp ở thế giới khác đã thay đổi cuộc đời tôi,https://truyentranh.net/i-got-a-cheat-ability-in-a-different-world-and-became-extraordinary-even-in-the-real-world,Chap 004
Sobi Seisaku Kei Chi to De Isekai Wo Jiyu Ni Ikiteikimasu,https://truyentranh.net/sobi-seisaku-kei-chi-to-de-isekai-wo-jiyu-ni-ikiteikimasu,Chap 004
THÁM TỬ LỪNG DANH CONAN - KẺ HÀNH PHÁP ZERO,https://truyentranh.net/tham-tu-lung-danh-conan-ke-hanh-phap-zero,Chap 004
MAHOUKA KOUKOU NO RETTOUSEI - YOTSUBA KEISHOU-HEN,https://truyentranh.net/mahouka-koukou-no-rettousei-yotsuba-keishou-hen,Chap 004
SUKI YORI MO CHIKAKU,https://truyentranh.net/suki-yori-mo-chikaku,Chap 004
TÔI TRỞ NÊN PHI THƯỜNG NGAY CẢ Ở THẾ GIỚI THẬT,https://truyentranh.net/toi-tro-nen-phi-thuong-ngay-ca-o-the-gioi-that,Chap 004
I Brought Home A Succubus Who Failed o Find a Job,https://truyentranh.net/i-brought-home-a-succubus-who-failed-o-find-a-job,Chap 004
NAKA NO WARUI IINAZUKE NO HANASHI,https://truyentranh.net/naka-no-warui-iinazuke-no-hanashi,Chap 004
HAZURE SUKIRU [CHIZU-KA (MAPPINGU) ] OTENI SHITA SHOUNEN WA SAIKYOU PATI TO DANJON NI IDOMU,https://truyentranh.net/hazure-sukiru-chizu-ka-mappingu-oteni-shita-shounen-wa-saikyou-pati-to-danjon-ni-idomu,Chap 004
CÔ VỢ MỚI CƯỚI CỦA TÔI LÚC NÀO CŨNG MỈM CƯỜI,https://truyentranh.net/co-vo-moi-cuoi-cua-toi-luc-nao-cung-mim-cuoi,Chap 004
EX-ARM,https://truyentranh.net/ex-arm,Chap 004
NINJA LOẠN THỊ BẢN ĐẸP,https://truyentranh.net/ninja-loan-thi-ban-dep,Chap 004
ACCHI KOCCHI,https://truyentranh.net/acchi-kocchi,Chap 004
NHÀ HIỀN TRIẾT VÔ SONG CHƯA THÀNH CÔNG VỀ MẶT HỌC THUẬT ~ MỘT PHÙ THỦY S-RANK GIAN LẬN SAU TÁI SINH,https://truyentranh.net/nha-hien-triet-vo-song-chua-thanh-cong-ve-mat-hoc-thuat-mot-phu-thuy-s-rank-gian-lan-sau-tai-sinh,Chap 004
ITOSHI NO NEKOKKE - ĐƯỜNG DÀI VỀ NHÀ,https://truyentranh.net/itoshi-no-nekokke-duong-dai-ve-nha,Chap 004
NINGEN FUSHIN NO BOUKENSHATACHI GA SEKAI O SUKUU YOUDESU,https://truyentranh.net/ningen-fushin-no-boukenshatachi-ga-sekai-o-sukuu-youdesu,Chap 004
Kamisama Ni Kago 2 Nin Bun Moraimashita,https://truyentranh.net/kamisama-ni-kago-2-nin-bun-moraimashita,Chap 004
Trò Chơi Chết Chóc - Biểu Quyết Sinh Tồn,https://truyentranh.net/tro-choi-chet-choc-bieu-quyet-sinh-ton,Chap 004
KOURYAKUHON O KUSHI SURU SAIKYOU NO MAHOUTSUKAI ~ TO WA IWA SENAI ORERYUU MAO TOBATSU SAIZEN RUUTO ~,https://truyentranh.net/kouryakuhon-o-kushi-suru-saikyou-no-mahoutsukai-to-wa-iwa-senai-oreryuu-mao-tobatsu-saizen-ruuto,Chap 004
Yankee High School Girl KuzuHana-Chan,https://truyentranh.net/yankee-high-school-girl-kuzuhana-chan,Chap 031
100-Nichi-go ni otaku-kun to tsukiau gyaru,https://truyentranh.net/100-nichi-go-ni-otaku-kun-to-tsukiau-gyaru,Chap 031
I&#39;m Around Thirty And Finally In Love,https://truyentranh.net/im-around-thirty-and-finally-in-love,Chap 031
Huyền thoại về thánh kiếm giả mạo,https://truyentranh.net/huyen-thoai-ve-thanh-kiem-gia-mao,Chap 031
HOÁN ĐỔI LINH HỒN VỚI GAL,https://truyentranh.net/hoan-doi-linh-hon-voi-gal,Chap 031
TSUKI NO OKI NI MESU MAMA,https://truyentranh.net/tsuki-no-oki-ni-mesu-mama,Chap 031
"YÊU EM, YÊU CHÍNH TÔI",https://truyentranh.net/yeu-em-yeu-chinh-toi,Chap 031
LẦN ĐẦU MANG THAI CỦA HIYAMA KENTAROU,https://truyentranh.net/lan-dau-mang-thai-cua-hiyama-kentarou,Chap 031
HAKUMEI TO MIKOCHI: TINY LITTLE LIFE IN THE WOODS,https://truyentranh.net/hakumei-to-mikochi-tiny-little-life-in-the-woods,Chap 031
NATSUME ARATA NO KEKKON,https://truyentranh.net/natsume-arata-no-kekkon,Chap 031
Quý Tộc Nhà Nông,https://truyentranh.net/quy-toc-nha-nong,Chap 031
My Rival Is Behind You,https://truyentranh.net/my-rival-is-behind-you,Chap 031
Zettai ni Yatte wa Ikenai Isekai Shoukan,https://truyentranh.net/zettai-ni-yatte-wa-ikenai-isekai-shoukan,Chap 031
CUỐN SÁCH MA THUẬT CỦA ZERO,https://truyentranh.net/cuon-sach-ma-thuat-cua-zero,Chap 031
YOUR TRUE COLOR,https://truyentranh.net/your-true-color,Chap 031
CÙNG MÈO CƯNG CHIẾN KHẮP DỊ GIỚI,https://truyentranh.net/cung-meo-cung-chien-khap-di-gioi,Chap 031
ZUTTO OTOKONOKO DA TO OMOTTE ITA GAKITAISHOU GA ONNANOKO DESHITA,https://truyentranh.net/zutto-otokonoko-da-to-omotte-ita-gakitaishou-ga-onnanoko-deshita,Chap 031
Dekoboko Majo No Oyako Jijou,https://truyentranh.net/dekoboko-majo-no-oyako-jijou,Chap 031
Shijou Saikyou Ouku-san No Tanoshii Tanetsuke Harem Uzukuri,https://truyentranh.net/shijou-saikyou-ouku-san-no-tanoshii-tanetsuke-harem-uzukuri,Chap 031
"NÀNG ƠI, CHẠY TRỐN CÙNG TA NÀO",https://truyentranh.net/nang-oi-chay-tron-cung-ta-nao,Chap 031
Protagonist x Rival,https://truyentranh.net/protagonist-x-rival,Chap 031
Gã Orc và cô phù thủy nhỏ,https://truyentranh.net/ga-orc-va-co-phu-thuy-nho,Chap 009
Fa/ke,https://truyentranh.net/fake,Chap 009
Tái Sinh Ở 1 Thế Giới Đầy Chết Chóc,https://truyentranh.net/tai-sinh-o-1-the-gioi-day-chet-choc,Chap 009
"Sau khi trải qua 100 triệu năm, tôi đã trở thành Người mạnh nhất",https://truyentranh.net/sau-khi-trai-qua-100-trieu-nam-toi-da-tro-thanh-nguoi-manh-nhat,Chap 009
"PLEASE GO HOME, AKUTSU-SAN!",https://truyentranh.net/please-go-home-akutsu-san,Chap 009
HOT LINE OF SIGHT,https://truyentranh.net/hot-line-of-sight,Chap 009
Cosmo Familia,https://truyentranh.net/cosmo-familia,Chap 009
Quyển sổ báo thù,https://truyentranh.net/quyen-so-bao-thu,Chap 009
Underground Doctor,https://truyentranh.net/underground-doctor,Chap 009
Căn ký túc xá của riêng tôi,https://truyentranh.net/can-ky-tuc-xa-cua-rieng-toi,Chap 009
"Nữ Thủ Lĩnh Nổi Hứng Nhất Thời Nhặt Một Thằng Nhóc Về, Bất Đắc Dĩ Trở Thành...",https://truyentranh.net/nu-thu-linh-noi-hung-nhat-thoi-nhat-mot-thang-nhoc-ve-bat-dac-di-tro-thanh,Chap 009
Toorigakari ni one point advice shiteiku type no yankee,https://truyentranh.net/toorigakari-ni-one-point-advice-shiteiku-type-no-yankee,Chap 009
Madan no Ou to Michelia,https://truyentranh.net/madan-no-ou-to-michelia,Chap 009
CHILDREN OF THE WHALES,https://truyentranh.net/children-of-the-whales,Chap 009
TABETEMO OISHIKU ARIMASEN,https://truyentranh.net/tabetemo-oishiku-arimasen,Chap 009
ELF BOYFRIEND & BOYISH GIRLFRIEND,https://truyentranh.net/elf-boyfriend-boyish-girlfriend,Chap 009
Kamen Rider 913 - Kaixa,https://truyentranh.net/kamen-rider-913-kaixa,Chap 009
Isekai Ntr,https://truyentranh.net/isekai-ntr,Chap 009
Minotaurus&#39;s Sweetheart,https://truyentranh.net/minotauruss-sweetheart,Chap 009
Lightning Degree,https://truyentranh.net/lightning-degree,Chap 009
Ma Gõ Cửa,https://truyentranh.net/ma-go-cua,Chap 009
Rosen Garten Saga,https://truyentranh.net/rosen-garten-saga,Chap 012
Cuộc sống thiên đường bắt đầu với Vua hang động ~ Trở thành người mạnh nhất với kỹ năng khai thác toàn diện!?,https://truyentranh.net/cuoc-song-thien-duong-bat-dau-voi-vua-hang-dong-tro-thanh-nguoi-manh-nhat-voi-ky-nang-khai-thac-toan-dien,Chap 012
Succubus & Hitman,https://truyentranh.net/succubus-hitman,Chap 012
Mahouka Koukou no Rettousei - Shizoku Kaigi-hen,https://truyentranh.net/mahouka-koukou-no-rettousei-shizoku-kaigi-hen,Chap 012
Sếp thú tính nhà bên,https://truyentranh.net/sep-thu-tinh-nha-ben,Chap 012
Kanojo ni Naritai Kimi to Boku,https://truyentranh.net/kanojo-ni-naritai-kimi-to-boku,Chap 012
"Aishiterutte iwanakya, shinu",https://truyentranh.net/aishiterutte-iwanakya-shinu,Chap 012
Hồng Côn Vương,https://truyentranh.net/hong-con-vuong,Chap 012
Border Of The Dead,https://truyentranh.net/border-of-the-dead,Chap 012
Ma cà rồng và thiếu nữ hoa hồng,https://truyentranh.net/ma-ca-rong-va-thieu-nu-hoa-hong,Chap 012
Gokuraku Seishun Hockey Club,https://truyentranh.net/gokuraku-seishun-hockey-club,Chap 012
Skip to Loafer,https://truyentranh.net/skip-to-loafer,Chap 012
Asmodeus Wa Akiramenai,https://truyentranh.net/asmodeus-wa-akiramenai,Chap 012
Hissatsu! Paipai Talk,https://truyentranh.net/hissatsu-paipai-talk,Chap 012
"SEIJO-SAMA WO AMAYAKASHITAI! TADASHI YUUSHA, OMAE WA DAME DA",https://truyentranh.net/seijo-sama-wo-amayakashitai-tadashi-yuusha-omae-wa-dame-da,Chap 012
Helper SHIBETA,https://truyentranh.net/helper-shibeta,Chap 012
Kemono Giga,https://truyentranh.net/kemono-giga,Chap 012
Modern Mogal If - Oni&#39;s Love Rule,https://truyentranh.net/modern-mogal-if-onis-love-rule,Chap 012
Lãng khách Kenshin phần 2,https://truyentranh.net/lang-khach-kenshin-phan-2,Chap 012
"EIYUU-OU, BU O KIWAMERU TAME TENSEI SU - SOSHITE, SEKAI SAIKYOU NO MINARAI KISHI",https://truyentranh.net/eiyuu-ou-bu-o-kiwameru-tame-tensei-su-soshite-sekai-saikyou-no-minarai-kishi,Chap 012
Cẩn thận thanh mai trúc mã nổi cơn thú tính,https://truyentranh.net/can-than-thanh-mai-truc-ma-noi-con-thu-tinh,Chap 012
Nyankees,https://truyentranh.net/nyankees,Chap 015
Trace: Kasouken Houi Kenkyuuin no Tsuisou,https://truyentranh.net/trace-kasouken-houi-kenkyuuin-no-tsuisou,Chap 015
The Net Generation Teacher,https://truyentranh.net/the-net-generation-teacher,Chap 015
Nàng Loli Sát Thủ Và Ông Chú Bất Tử!,https://truyentranh.net/nang-loli-sat-thu-va-ong-chu-bat-tu,Chap 015
KAMEBA KAMU HODO AMAKU NARU,https://truyentranh.net/kameba-kamu-hodo-amaku-naru,Chap 015
FFF-CLASS TRASHERO,https://truyentranh.net/fff-class-trashero,Chap 015
GIỜ THÌ~ BẮT ĐẦU TRA TẤN THÔI~,https://truyentranh.net/gio-thi-bat-dau-tra-tan-thoi,Chap 015
Shinazu no Shoujo wa Hyakki to Chigiru,https://truyentranh.net/shinazu-no-shoujo-wa-hyakki-to-chigiru,Chap 015
Maou No Utsuwa,https://truyentranh.net/maou-no-utsuwa,Chap 015
Sayonara Watashi no Cramer,https://truyentranh.net/sayonara-watashi-no-cramer,Chap 015
My Broken Mariko,https://truyentranh.net/my-broken-mariko,Chap 015
Chàng băng giá và nàng tốt bụng,https://truyentranh.net/chang-bang-gia-va-nang-tot-bung,Chap 015
False Hero Has No Whereabouts In This World.,https://truyentranh.net/false-hero-has-no-whereabouts-in-this-world,Chap 015
Ác long huyền thoại bị phong ấn 300 năm đã trở thành bạn của tôi,https://truyentranh.net/ac-long-huyen-thoai-bi-phong-an-300-nam-da-tro-thanh-ban-cua-toi,Chap 015
Sono Idol Kyuuketsuki ni tsuki,https://truyentranh.net/sono-idol-kyuuketsuki-ni-tsuki,Chap 015
Khu rừng của quý ngài thỏ đế,https://truyentranh.net/khu-rung-cua-quy-ngai-tho-de,Chap 015
Alpi - Người Đưa Tiễn Linh Hồn,https://truyentranh.net/alpi-nguoi-dua-tien-linh-hon,Chap 015
Yu-Gi-Oh! Ocg Structures,https://truyentranh.net/yu-gi-oh-ocg-structures,Chap 015
Nega-kun và Posi-chan,https://truyentranh.net/nega-kun-va-posi-chan,Chap 015
Boushoku-hi No Ken,https://truyentranh.net/boushoku-hi-no-ken,Chap 015
Abyss Rage,https://truyentranh.net/abyss-rage,Chap 015
"Yuusha Party No Kawaii Ko Ga Ita No De, Kokuhaku Shite Mita",https://truyentranh.net/yuusha-party-no-kawaii-ko-ga-ita-no-de-kokuhaku-shite-mita,Chap 001
Tây Du Phiền Phức Ký,https://truyentranh.net/tay-du-phien-phuc-ky,Chap 001
Xuyên không cực mạnh cùng máy tính bảng siêu cheat,https://truyentranh.net/xuyen-khong-cuc-manh-cung-may-tinh-bang-sieu-cheat,Chap 001
Itsuka Kamen wo Nugu Tame ni,https://truyentranh.net/itsuka-kamen-wo-nugu-tame-ni,Chap 001
Tiêu diệt dị nghị trong xã hội loài người,https://truyentranh.net/tieu-diet-di-nghi-trong-xa-hoi-loai-nguoi,Chap 001
Kimi Ni Koisuru Satsujinki,https://truyentranh.net/kimi-ni-koisuru-satsujinki,Chap 001
Đứa trẻ triệu hồi sư bị nguyền rủa.,https://truyentranh.net/dua-tre-trieu-hoi-su-bi-nguyen-rua,Chap 001
Hầu gái tsundere,https://truyentranh.net/hau-gai-tsundere,Chap 001
Cuộc nổi dậy của cô gái mọt sách,https://truyentranh.net/cuoc-noi-day-cua-co-gai-mot-sach,Chap 001
Màn trả thù Calendrier của số 31,https://truyentranh.net/man-tra-thu-calendrier-cua-so-31,Chap 001
Loạn Đấu Tokyo,https://truyentranh.net/loan-dau-tokyo,Chap 001
"100 tầng trên mặt đất ~ Xác suất thoát 0,0001%",https://truyentranh.net/100-tang-tren-mat-dat-xac-suat-thoat-0-0001,Chap 001
CHUYỂN SINH THÀNH VIRUS VÀ QUÁ TRÌNH LÂY NHIỄM Ở THẾ GIỚI KHÁC,https://truyentranh.net/chuyen-sinh-thanh-virus-va-qua-trinh-lay-nhiem-o-the-gioi-khac,Chap 001
Asura,https://truyentranh.net/asura,Chap 001
Cô vợ bợm rượu,https://truyentranh.net/co-vo-bom-ruou,Chap 001
THE RED RANGER BECOMES AN ADVENTURER IN ANOTHER WORLD,https://truyentranh.net/the-red-ranger-becomes-an-adventurer-in-another-world,Chap 001
Isekai Tensei de Kenja ni Natte Bouken-sha Seikatsu,https://truyentranh.net/isekai-tensei-de-kenja-ni-natte-bouken-sha-seikatsu,Chap 001
I Work As A Healer In Another World's Labyrinth City,https://truyentranh.net/i-work-as-a-healer-in-another-world-s-labyrinth-city,Chap 001
KẺ BẢO VỆ PHÙ THỦY LÀ MỘT ORGE,https://truyentranh.net/ke-bao-ve-phu-thuy-la-mot-orge,Chap 001
Zettai ni Furo ni Hairitakunai Kanojo VS Zettai ni Furo ni Iretai Kareshi,https://truyentranh.net/zettai-ni-furo-ni-hairitakunai-kanojo-vs-zettai-ni-furo-ni-iretai-kareshi,Chap 001
I Want to Become the Hero's Bride,https://truyentranh.net/i-want-to-become-the-hero-s-bride,Chap 001
"Boku wa mata, kimi ni sayonara no kazu o miru",https://truyentranh.net/boku-wa-mata-kimi-ni-sayonara-no-kazu-o-miru,Chap 001
Bokutachi wa Hanshoku wo Yameta,https://truyentranh.net/bokutachi-wa-hanshoku-wo-yameta,Chap 001
"Nito No Taidana Isekai Shoukougun: Sai Jakushoku ""healer"" Nano Ni Saikyou Wa Desu Ka?",https://truyentranh.net/nito-no-taidana-isekai-shoukougun-sai-jakushoku-healer-nano-ni-saikyou-wa-desu-ka-34514,Chap 001
Uruwashi no Yoi no Tsuki,https://truyentranh.net/uruwashi-no-yoi-no-tsuki,Chap 001
Đám Cưới Của Natsume Arata,https://truyentranh.net/dam-cuoi-cua-natsume-arata,Chap 001
"Seinen Shoyo yo, Haru wo Musabore",https://truyentranh.net/seinen-shoyo-yo-haru-wo-musabore,Chap 001
Honzuki no Gekokujou : Koshiki Komikku Ansoroji,https://truyentranh.net/honzuki-no-gekokujou-koshiki-komikku-ansoroji,Chap 001
One Operation Joker,https://truyentranh.net/one-operation-joker,Chap 001
NỮ HOÀNG CƠ ĐỎ Ở WONDERLAND,https://truyentranh.net/nu-hoang-co-do-o-wonderland,Chap 001
Nghề [Giám Định] Rác Rưởi Lại Là Nghề Mạnh Nhất,https://truyentranh.net/nghe-giam-dinh-rac-ruoi-lai-la-nghe-manh-nhat,Chap 001
Tôi đã chính thức trở thành hôn thê của Nữ Chính,https://truyentranh.net/toi-da-chinh-thuc-tro-thanh-hon-the-cua-nu-chinh,Chap 001
Jisatsushitai Onna Yuusha ni Maou ga Komarasareteimasu!,https://truyentranh.net/jisatsushitai-onna-yuusha-ni-maou-ga-komarasareteimasu,Chap 001
Hebigamisama to nie no hanahime,https://truyentranh.net/hebigamisama-to-nie-no-hanahime,Chap 001
Công Lý Tàn Bạo,https://truyentranh.net/cong-ly-tan-bao,Chap 001
Cự Kê Chiến Ký,https://truyentranh.net/niwatori-fighter,Chap 001
Hãy cho em ''trung tình'' của anh,https://truyentranh.net/hay-cho-em-trung-tinh-cua-anh-1,Chap 001
The Girl Who Does Not Show Any Facial Expression,https://truyentranh.net/the-girl-who-does-not-show-any-facial-expression,Chap 001
Kimi wa Shinenai Hai Kaburi no Majo,https://truyentranh.net/kimi-wa-shinenai-hai-kaburi-no-majo,Chap 001
Shakunetsu No Nirai Kanai,https://truyentranh.net/shakunetsu-no-nirai-kanai,Chap 001
Ore Ga Watashi Ni Naru Made,https://truyentranh.net/ore-ga-watashi-ni-naru-made,Chap 001
6-sai no Kenja wa Hikage no Michi wo Ayumitai,https://truyentranh.net/6-sai-no-kenja-wa-hikage-no-michi-wo-ayumitai,Chap 001
"Win Over the Dragon Emperor This Time Around, Noble Girl!",https://truyentranh.net/win-over-the-dragon-emperor-this-time-around-noble-girl,Chap 005
Kara no Kioku,https://truyentranh.net/kara-no-kioku,Chap 005
Beyond the Clouds,https://truyentranh.net/beyond-the-clouds,Chap 005
Mutual love,https://truyentranh.net/mutual-love,Chap 005
Newton's Flower Buds Webtoon,https://truyentranh.net/newton-s-flower-buds-webtoon,Chap 005
MONSTER GA AFURERU SEKAI NI NATTA NODE SUKI NI IKITAI TO OMOIMASU,https://truyentranh.net/monster-ga-afureru-sekai-ni-natta-node-suki-ni-ikitai-to-omoimasu,Chap 005
Saikyou Inyoushi no Isekai Tenseiki,https://truyentranh.net/saikyou-inyoushi-no-isekai-tenseiki,Chap 005
Saitei Ouji-tachi Niyoru Koui Sou “Yuzuru” Sen,https://truyentranh.net/saitei-ouji-tachi-niyoru-koui-sou-yuzuru-sen,Chap 005
"Sono Monban, Saikyou Nitsuki: Tsuihou Sareta Bougyo Ryoku 9999 no Senshi, Ou Miyako no Monban Toshite Musou Suru",https://truyentranh.net/sono-monban-saikyou-nitsuki-tsuihou-sareta-bougyo-ryoku-9999-no-senshi-ou-miyako-no-monban-toshite-musou-suru,Chap 005
"Koibito o netorare, Yuusha party kara tsuihou sa retakedo",https://truyentranh.net/koibito-o-netorare-yuusha-party-kara-tsuihou-sa-retakedo,Chap 005
Một thợ săn nhanh nhẹn ở Hokkaido bị ném vào một thế giới khác,https://truyentranh.net/mot-tho-san-nhanh-nhen-o-hokkaido-bi-nem-vao-mot-the-gioi-khac,Chap 005
Otaku No Tonari Wa Erufu Desuka?,https://truyentranh.net/otaku-no-tonari-wa-erufu-desuka,Chap 005
Iruma-kun sau giờ học!,https://truyentranh.net/iruma-kun-sau-gio-hoc,Chap 005
Anh hùng rút kiếm thánh và cái kết,https://truyentranh.net/anh-hung-rut-kiem-thanh-va-cai-ket,Chap 005
Điên đảo cùng chàng giáo viên nổi loạn,https://truyentranh.net/dien-dao-cung-chang-giao-vien-noi-loan,Chap 005
"Kono Sekai ga Game da to, Ore dake ga Shitteiru Manga",https://truyentranh.net/kono-sekai-ga-game-da-to-ore-dake-ga-shitteiru-manga,Chap 005
Đổi nghề từ Champion thành người hầu của Công chúa,https://truyentranh.net/doi-nghe-tu-champion-thanh-nguoi-hau-cua-cong-chua,Chap 005
"Trêu Ghẹo ""Gấu"" Nhà Tôi!",https://truyentranh.net/treu-gheo-gau-nha-toi,Chap 005
Câu Chuyện Tình Yêu Của Cô Gái Bộc Phá - Đến Với Thế Giới Này!,https://truyentranh.net/cau-chuyen-tinh-yeu-cua-co-gai-boc-pha-den-voi-the-gioi-nay,Chap 005
"Tokyoin Reika, Nhà Tỷ Phú",https://truyentranh.net/tokyoin-reika-nha-ty-phu,Chap 005
Cậu Mới Là Người Dễ Thương Nhất,https://truyentranh.net/cau-moi-la-nguoi-de-thuong-nhat,Chap 005
The Story Between a Dumb Prefect and a High School Girl with an Inappropriate Skirt Length,https://truyentranh.net/the-story-between-a-dumb-prefect-and-a-high-school-girl-with-an-inappropriate-skirt-length,Chap 009
"Ori of the Dragon Chain - ""Heart"" in the mind",https://truyentranh.net/ori-of-the-dragon-chain-heart-in-the-mind,Chap 009
Dũng Giả Lưu Lạc và Dị Giới Thánh Thư,https://truyentranh.net/dung-gia-luu-lac-va-di-gioi-thanh-thu,Chap 009
"Oritsu Maho Gakuen no Saika-sei~ Hinkon-gai (Suramu) Agari no Saikyo Maho-Shi, Kizoku-darake no Gakuen de Muso Suru~",https://truyentranh.net/oritsu-maho-gakuen-no-saika-sei-hinkon-gai-suramu-agari-no-saikyo-maho-shi-kizoku-darake-no-gakuen-de-muso-suru,Chap 009
SHABA NO,https://truyentranh.net/shaba-no,Chap 009
SMOKY NECTAR,https://truyentranh.net/smoky-nectar,Chap 009
Con Trai Của Anh Hùng Là Người Học Việc Của Quỷ Vương.,https://truyentranh.net/con-trai-cua-anh-hung-la-nguoi-hoc-viec-cua-quy-vuong,Chap 009
The shadow over Innsmouth (Innsmouth no kage),https://truyentranh.net/the-shadow-over-innsmouth-innsmouth-no-kage,Chap 009
Dog Nigga,https://truyentranh.net/dog-nigga,Chap 009
A Breakthrough Came Out by Forbidden Master and Disciple,https://truyentranh.net/a-breakthrough-came-out-by-forbidden-master-and-disciple,Chap 009
86 — Eighty-Six — Operation High-School,https://truyentranh.net/86-eighty-six-operation-high-school,Chap 009
TỪ PHÙ THỦY MẠNH NHẤT KHU Ổ CHUỘT ĐẾN VÔ SONG TẠI HỌC VIỆN PHÁP THUẬT HOÀNG GIA,https://truyentranh.net/tu-phu-thuy-manh-nhat-khu-o-chuot-den-vo-song-tai-hoc-vien-phap-thuat-hoang-gia,Chap 009
Nhân Gian Thất Cách (Junji Ito),https://truyentranh.net/nhan-gian-that-cach-junji-ito,Chap 009
"Câu chuyện về một nhà vô địch "" thất nghiệp "" và một nàng công chúa cùng nhau tìm thấy hạnh phúc",https://truyentranh.net/cau-chuyen-ve-mot-nha-vo-dich-that-nghiep-va-mot-nang-cong-chua-cung-nhau-tim-thay-hanh-phuc,Chap 009
J OTA DANSHI ASAHINA-KUN,https://truyentranh.net/j-ota-danshi-asahina-kun,Chap 009
Tôi là nhện đấy thi sao nào? Cuộc sống của 4 chị em nhện,https://truyentranh.net/toi-la-nhen-day-thi-sao-nao-cuoc-song-cua-4-chi-em-nhen,Chap 009
Tougen Anki,https://truyentranh.net/tougen-anki,Chap 009
Josee to Tora to Sakana-tachi,https://truyentranh.net/josee-to-tora-to-sakana-tachi,Chap 009
Wistoria Bản Hùng Ca Kiếm Và Pháp Trượng,https://truyentranh.net/wistoria-ban-hung-ca-kiem-va-phap-truong,Chap 009
Tân Hùng Ma Vương,https://truyentranh.net/tan-hung-ma-vuong,Chap 009
Mono no Kemonogurashi,https://truyentranh.net/mono-no-kemonogurashi,Chap 009
